amc_template_name,start_date,end_date,path,path_occurrences,impressions,total_cost,users_that_purchased,sales_amount,purchases,user_purchase_rate,ntb_users_that_purchased,ntb_sales_amount,ntb_purchases,ntb_user_percentage,ntb_purchases_percentage,insight1,insight2
Path to Conversion by Campaign Groups,2026-01-01,2026-03-31,"[[1, DSP Consideração]]",52445,274812,3422.5362003014657,81,11047.4232,100,0.0015,43,5894.3292,53,0.5309,0.53,,
Path to Conversion by Campaign Groups,2026-01-01,2026-03-31,"[[1, SD]]",14821,297108,2122.966414921459,19,3722.5034,20,0.0013,11,2107.9560,11,0.5789,0.55,,
Path to Conversion by Campaign Groups,2026-01-01,2026-03-31,"[[1, DSP Conversão]]",13817,199152,2708.5510504294066,26,3827.9255,28,0.0019,11,1662.5684,12,0.4231,0.4286,,
Path to Conversion by Campaign Groups,2026-01-01,2026-03-31,"[[1, SB SOV]]",13767,151654,1916.3426466879362,16,2427.2724,19,0.0012,7,1097.5787,9,0.4375,0.4737,,
Path to Conversion by Campaign Groups,2026-01-01,2026-03-31,"[[1, DSP Awareness]]",5077,34751,199.62097585402574,5,1307.5298,6,0.001,3,903.7266,4,0.6,0.6667,,
Path to Conversion by Campaign Groups,2026-01-01,2026-03-31,"[[1, DSP NTB]]",4812,78639,842.7476157025887,11,1526.9124,11,0.0023,9,1295.5194,9,0.8182,0.8182,,
Path to Conversion by Campaign Groups,2026-01-01,2026-03-31,"[[1, SB]]",4479,25581,485.52715707319396,4,551.2435,4,0.0009,2,320.7693,2,0.5,0.5,,
Path to Conversion by Campaign Groups,2026-01-01,2026-03-31,"[[1, SP]]",4096,54501,776.3486139728492,13,2992.7329,15,0.0032,4,1021.1869,5,0.3077,0.3333,,
Path to Conversion by Campaign Groups,2026-01-01,2026-03-31,"[[1, SB], [2, DSP Consideração], [3, SP], [4, DSP Conversão]]",2713,61322,719.7376914141183,40,7866.2005,55,0.0147,23,4455.7435,31,0.575,0.5636,,
Path to Conversion by Campaign Groups,2026-01-01,2026-03-31,"[[1, SB], [2, DSP Consideração]]",2086,55106,971.3860076705867,8,993.4692,10,0.0038,4,487.4838,5,0.5,0.5,,
Path to Conversion by Campaign Groups,2026-01-01,2026-03-31,"[[1, SD], [2, SP]]",1356,18554,205.29382962633153,10,1145.6882,12,0.0074,3,391.1658,4,0.3,0.3333,,
Path to Conversion by Campaign Groups,2026-01-01,2026-03-31,"[[1, SD], [2, DSP Awareness], [3, DSP Consideração], [4, SB]]",1058,51456,980.1127630439202,17,2637.8854,21,0.0161,10,1553.5566,12,0.5882,0.5714,,
Path to Conversion by Campaign Groups,2026-01-01,2026-03-31,"[[1, DSP Awareness], [2, SD], [3, DSP Conversão]]",772,29942,406.6403636613215,3,385.0481,3,0.0039,1,175.3326,1,0.3333,0.3333,,
Path to Conversion by Campaign Groups,2026-01-01,2026-03-31,"[[1, DSP Conversão], [2, SP], [3, DSP Awareness], [4, SD], [5, SB], [6, DSP NTB]]",637,19408,124.31065296891526,21,4170.9645,22,0.033,12,2346.8837,12,0.5714,0.5455,,
Path to Conversion by Campaign Groups,2026-01-01,2026-03-31,"[[1, SB], [2, DSP Conversão], [3, SD], [4, SP], [5, SB SOV], [6, DSP Awareness], [7, DSP Consideração], [8, DSP NTB]]",414,65459,1213.3443643961516,12,1452.4090,16,0.029,7,790.4828,9,0.5833,0.5625,,
Path to Conversion by Campaign Groups,2026-01-01,2026-03-31,"[[1, DSP Conversão], [2, DSP NTB], [3, DSP Awareness], [4, SB], [5, SP]]",393,34217,528.9990975906951,13,2399.3882,16,0.0331,8,1427.1792,10,0.6154,0.625,,
Path to Conversion by Campaign Groups,2026-01-01,2026-03-31,"[[1, DSP Consideração], [2, DSP Conversão], [3, SP], [4, SB SOV], [5, SB], [6, DSP NTB], [7, DSP Awareness]]",291,23731,151.98528358189054,15,1390.8620,15,0.0515,8,770.9447,8,0.5333,0.5333,,
Path to Conversion by Campaign Groups,2026-01-01,2026-03-31,"[[1, DSP NTB], [2, DSP Awareness], [3, SP], [4, SB]]",258,20746,236.43569115212463,4,951.9898,5,0.0155,3,649.5773,3,0.75,0.6,,
Path to Conversion by Campaign Groups,2026-01-01,2026-03-31,"[[1, SB], [2, DSP Awareness], [3, DSP Conversão], [4, SP], [5, SD], [6, DSP NTB], [7, DSP Consideração]]",247,9518,95.69394207446963,12,1639.3904,14,0.0486,7,926.3670,8,0.5833,0.5714,,
Path to Conversion by Campaign Groups,2026-01-01,2026-03-31,"[[1, DSP Awareness], [2, SP], [3, DSP NTB]]",231,6847,29.025901053089267,3,400.8616,3,0.013,2,271.5415,2,0.6667,0.6667,,
Path to Conversion by Campaign Groups,2026-01-01,2026-03-31,"[[1, SB SOV], [2, DSP Conversão], [3, DSP NTB], [4, SB], [5, SP], [6, SD], [7, DSP Consideração], [8, DSP Awareness]]",210,25676,403.0002233744498,12,1844.3669,16,0.0571,6,889.9896,8,0.5,0.5,,
Path to Conversion by Campaign Groups,2026-01-01,2026-03-31,"[[1, DSP Conversão], [2, SB SOV], [3, DSP NTB], [4, DSP Awareness], [5, SD], [6, SB], [7, SP]]",203,8153,48.05158764763488,12,2809.3832,16,0.0591,6,1296.5891,7,0.5,0.4375,,
Path to Conversion by Campaign Groups,2026-01-01,2026-03-31,"[[1, DSP Conversão], [2, DSP NTB], [3, SD], [4, SP], [5, DSP Awareness]]",203,18744,232.89023484432082,5,1047.6298,6,0.0246,3,685.2640,4,0.6,0.6667,,
Path to Conversion by Campaign Groups,2026-01-01,2026-03-31,"[[1, DSP Conversão], [2, DSP Awareness], [3, DSP NTB], [4, SB], [5, SP]]",193,11456,115.38746765383064,5,998.7043,6,0.0259,2,477.3339,3,0.4,0.5,,
Path to Conversion by Campaign Groups,2026-01-01,2026-03-31,"[[1, DSP NTB], [2, DSP Conversão], [3, SP]]",182,4749,56.610697761837734,2,357.6907,2,0.011,1,189.9554,1,0.5,0.5,,
Path to Conversion by Campaign Groups,2026-01-01,2026-03-31,"[[1, SB], [2, DSP Awareness], [3, SD], [4, DSP NTB], [5, SP], [6, DSP Conversão]]",179,7277,51.242983214431256,8,1347.4247,10,0.0447,4,655.8365,5,0.5,0.5,,
Path to Conversion by Campaign Groups,2026-01-01,2026-03-31,"[[1, DSP NTB], [2, DSP Awareness], [3, DSP Consideração], [4, DSP Conversão], [5, SD], [6, SP], [7, SB]]",170,20179,177.6361741115282,7,1123.7769,8,0.0412,4,626.4198,4,0.5714,0.5,,
Path to Conversion by Campaign Groups,2026-01-01,2026-03-31,"[[1, DSP Conversão], [2, DSP NTB], [3, SD], [4, SP]]",167,6306,58.39936169075934,3,310.9586,3,0.018,2,189.8793,2,0.6667,0.6667,,
Path to Conversion by Campaign Groups,2026-01-01,2026-03-31,"[[1, DSP NTB], [2, SP], [3, SD], [4, DSP Conversão], [5, SB], [6, DSP Awareness]]",166,13107,189.4789902094602,5,1013.9080,6,0.0301,3,559.0167,3,0.6,0.5,,
Path to Conversion by Campaign Groups,2026-01-01,2026-03-31,"[[1, SB], [2, DSP Conversão], [3, DSP Awareness], [4, DSP NTB], [5, SD], [6, SB SOV], [7, SP]]",165,16388,295.19499711727474,5,765.2649,5,0.0303,3,443.9341,3,0.6,0.6,,
Path to Conversion by Campaign Groups,2026-01-01,2026-03-31,"[[1, SB SOV], [2, SP]]",153,3933,72.73898929662236,1,102.9939,1,0.0065,0,46.6534,0,0.0,0.0,,
Path to Conversion by Campaign Groups,2026-01-01,2026-03-31,"[[1, SP], [2, DSP NTB], [3, DSP Awareness], [4, SD], [5, SB], [6, DSP Conversão], [7, DSP Consideração]]",149,16348,69.72820909101291,5,687.2049,5,0.0336,2,328.2659,2,0.4,0.4,,
Path to Conversion by Campaign Groups,2026-01-01,2026-03-31,"[[1, DSP Consideração], [2, DSP Conversão], [3, SD], [4, DSP NTB], [5, SP], [6, SB SOV], [7, SB], [8, DSP Awareness]]",140,10348,141.21852890196533,5,628.5519,5,0.0357,3,318.2180,3,0.6,0.6,,
Path to Conversion by Campaign Groups,2026-01-01,2026-03-31,"[[1, SB], [2, DSP Conversão], [3, DSP Awareness], [4, SP]]",139,5049,59.24638055062294,1,172.6350,1,0.0072,0,81.9402,0,0.0,0.0,,
Path to Conversion by Campaign Groups,2026-01-01,2026-03-31,"[[1, SP], [2, SD]]",131,2436,37.77528665840562,0,0.0000,0,0.0,0,0.0000,0,,,,
Path to Conversion by Campaign Groups,2026-01-01,2026-03-31,"[[1, DSP Consideração], [2, SB], [3, SP], [4, DSP Conversão], [5, SD], [6, DSP NTB], [7, DSP Awareness]]",130,7244,76.6047397730511,3,547.2470,3,0.0231,2,279.5592,2,0.6667,0.6667,,
Path to Conversion by Campaign Groups,2026-01-01,2026-03-31,"[[1, DSP NTB], [2, DSP Awareness], [3, SP], [4, SB], [5, SD]]",128,8268,119.96458504989302,2,416.5861,2,0.0156,1,277.5130,1,0.5,0.5,,
Path to Conversion by Campaign Groups,2026-01-01,2026-03-31,"[[1, DSP Conversão], [2, DSP Awareness], [3, SD], [4, DSP NTB], [5, SP], [6, SB]]",127,10053,106.91141570898611,5,1291.7402,6,0.0394,3,688.0087,3,0.6,0.5,,
Path to Conversion by Campaign Groups,2026-01-01,2026-03-31,"[[1, SP], [2, DSP NTB], [3, DSP Awareness], [4, SD], [5, DSP Conversão]]",123,9441,96.55128580404286,2,271.1629,2,0.0163,1,163.1244,1,0.5,0.5,,
Path to Conversion by Campaign Groups,2026-01-01,2026-03-31,"[[1, SB SOV], [2, SB]]",114,3012,47.05267059904237,0,0.0000,0,0.0,0,0.0000,0,,,,
Path to Conversion by Campaign Groups,2026-01-01,2026-03-31,"[[1, SB], [2, DSP Awareness], [3, SP], [4, DSP Conversão], [5, DSP NTB], [6, SD]]",110,11498,52.83058654806792,4,795.0853,4,0.0364,2,468.1962,2,0.5,0.5,,
Path to Conversion by Campaign Groups,2026-01-01,2026-03-31,"[[1, DSP Awareness], [2, SP], [3, SD], [4, DSP Conversão], [5, DSP Consideração]]",108,9814,166.91748856910033,3,310.8841,3,0.0278,2,168.9411,2,0.6667,0.6667,,
Path to Conversion by Campaign Groups,2026-01-01,2026-03-31,"[[1, DSP Conversão], [2, SB], [3, SP]]",105,4874,37.724918064530875,1,140.9349,1,0.0095,0,65.3503,0,0.0,0.0,,
Path to Conversion by Campaign Groups,2026-01-01,2026-03-31,"[[1, SD], [2, DSP NTB]]",101,1911,33.601655182477295,0,0.0000,0,0.0,0,0.0000,0,,,,
Path to Conversion by Campaign Groups,2026-01-01,2026-03-31,"[[1, DSP Conversão], [2, SP]]",97,2650,37.098327178359376,0,0.0000,0,0.0,0,0.0000,0,,,,
Path to Conversion by Campaign Groups,2026-01-01,2026-03-31,"[[1, SD], [2, SB], [3, DSP Conversão], [4, DSP Awareness], [5, SP], [6, DSP NTB]]",94,9689,54.63321693482159,2,184.3670,2,0.0213,1,94.1247,1,0.5,0.5,,
Path to Conversion by Campaign Groups,2026-01-01,2026-03-31,"[[1, SP], [2, DSP Conversão], [3, SB]]",81,1127,20.38534630745986,1,126.3340,1,0.0123,0,46.8414,0,0.0,0.0,,
Path to Conversion by Campaign Groups,2026-01-01,2026-03-31,"[[1, SP], [2, DSP Conversão], [3, DSP Awareness]]",78,1596,20.159807504634806,0,0.0000,0,0.0,0,0.0000,0,,,,
Path to Conversion by Campaign Groups,2026-01-01,2026-03-31,"[[1, SB], [2, SD]]",78,2934,51.4937720956245,0,0.0000,0,0.0,0,0.0000,0,,,,
Path to Conversion by Campaign Groups,2026-01-01,2026-03-31,"[[1, DSP NTB], [2, DSP Conversão]]",76,721,7.50656862783927,0,0.0000,0,0.0,0,0.0000,0,,,,
Path to Conversion by Campaign Groups,2026-01-01,2026-03-31,"[[1, SP], [2, SB], [3, DSP Conversão], [4, DSP Awareness], [5, DSP NTB]]",75,4992,62.54613995356026,2,351.5379,2,0.0267,1,190.9159,1,0.5,0.5,,
Path to Conversion by Campaign Groups,2026-01-01,2026-03-31,"[[1, DSP NTB], [2, SD], [3, DSP Conversão], [4, DSP Awareness]]",73,4208,62.88895258158375,1,111.0929,1,0.0137,1,63.3443,1,1.0,1.0,,
Path to Conversion by Campaign Groups,2026-01-01,2026-03-31,"[[1, SP], [2, DSP NTB], [3, DSP Awareness]]",71,3015,54.070487103054965,0,0.0000,0,0.0,0,0.0000,0,,,,
Path to Conversion by Campaign Groups,2026-01-01,2026-03-31,"[[1, SB], [2, DSP NTB]]",70,2003,37.01868156101591,0,0.0000,0,0.0,0,0.0000,0,,,,
Path to Conversion by Campaign Groups,2026-01-01,2026-03-31,"[[1, DSP Consideração], [2, SB], [3, SD], [4, DSP Awareness]]",70,5472,48.51745474005414,1,165.1853,1,0.0143,1,113.6909,1,1.0,1.0,,
Path to Conversion by Campaign Groups,2026-01-01,2026-03-31,"[[1, SB], [2, DSP NTB], [3, DSP Conversão], [4, SP]]",70,2508,47.60341553246473,1,173.7477,1,0.0143,0,77.6738,0,0.0,0.0,,
Path to Conversion by Campaign Groups,2026-01-01,2026-03-31,"[[1, DSP Conversão], [2, DSP Awareness], [3, SD], [4, SB], [5, DSP NTB], [6, DSP Consideração], [7, SP]]",70,6172,67.14177478763544,3,585.6991,3,0.0429,2,385.5270,2,0.6667,0.6667,,
Path to Conversion by Campaign Groups,2026-01-01,2026-03-31,"[[1, DSP Awareness], [2, DSP NTB], [3, DSP Conversão], [4, SB]]",69,4334,52.64499830052447,1,95.4772,1,0.0145,1,66.6414,1,1.0,1.0,,
Path to Conversion by Campaign Groups,2026-01-01,2026-03-31,"[[1, DSP Consideração], [2, DSP Conversão], [3, SB]]",68,1873,19.950987669358796,0,0.0000,0,0.0,0,0.0000,0,,,,
Path to Conversion by Campaign Groups,2026-01-01,2026-03-31,"[[1, DSP NTB], [2, SD], [3, SB], [4, DSP Awareness]]",67,4168,31.082060351468225,1,136.1719,1,0.0149,1,98.1545,1,1.0,1.0,,
Path to Conversion by Campaign Groups,2026-01-01,2026-03-31,"[[1, SP], [2, SB], [3, DSP Awareness], [4, DSP NTB], [5, DSP Conversão], [6, SD], [7, SB SOV]]",67,7028,87.12351244907184,3,570.5719,4,0.0448,2,318.2507,2,0.6667,0.5,,
Path to Conversion by Campaign Groups,2026-01-01,2026-03-31,"[[1, SB], [2, DSP Awareness], [3, DSP NTB], [4, SP], [5, DSP Conversão]]",64,4827,87.04569481468316,0,0.0000,0,0.0,0,0.0000,0,,,,
Path to Conversion by Campaign Groups,2026-01-01,2026-03-31,"[[1, SD], [2, SP], [3, SB], [4, DSP NTB]]",63,3238,30.978956045762416,0,0.0000,0,0.0,0,0.0000,0,,,,
Path to Conversion by Campaign Groups,2026-01-01,2026-03-31,"[[1, DSP Consideração], [2, SB], [3, DSP Awareness], [4, DSP NTB], [5, SP]]",63,3159,29.214738016666953,1,98.9826,1,0.0159,1,62.4594,1,1.0,1.0,,
Path to Conversion by Campaign Groups,2026-01-01,2026-03-31,"[[1, SP], [2, SB], [3, DSP Conversão], [4, SD], [5, DSP NTB], [6, DSP Awareness]]",63,5004,37.0876413475814,2,310.3425,2,0.0317,1,187.8657,1,0.5,0.5,,
Path to Conversion by Campaign Groups,2026-01-01,2026-03-31,"[[1, DSP Awareness], [2, SB], [3, DSP NTB]]",63,1650,21.026206746329763,0,0.0000,0,0.0,0,0.0000,0,,,,
Path to Conversion by Campaign Groups,2026-01-01,2026-03-31,"[[1, DSP Conversão], [2, DSP NTB], [3, SP], [4, SD], [5, DSP Awareness]]",62,4517,48.88422524636899,2,360.6427,2,0.0323,1,206.0570,1,0.5,0.5,,
Path to Conversion by Campaign Groups,2026-01-01,2026-03-31,"[[1, SD], [2, SB], [3, DSP NTB], [4, SP], [5, DSP Consideração]]",61,5886,75.3209090104635,1,101.9509,1,0.0164,1,67.7759,1,1.0,1.0,,
Path to Conversion by Campaign Groups,2026-01-01,2026-03-31,"[[1, DSP NTB], [2, SD], [3, DSP Awareness], [4, SB], [5, SP]]",61,6057,26.89251953662813,1,210.5376,1,0.0164,1,128.1698,1,1.0,1.0,,
Path to Conversion by Campaign Groups,2026-01-01,2026-03-31,"[[1, SB], [2, SP]]",60,654,10.956033099935345,0,0.0000,0,0.0,0,0.0000,0,,,,
Path to Conversion by Campaign Groups,2026-01-01,2026-03-31,"[[1, DSP Awareness], [2, SD]]",60,2311,38.581124667025435,0,0.0000,0,0.0,0,0.0000,0,,,,
Path to Conversion by Campaign Groups,2026-01-01,2026-03-31,"[[1, DSP NTB], [2, DSP Consideração]]",60,1353,5.6264454821057965,0,0.0000,0,0.0,0,0.0000,0,,,,
Path to Conversion by Campaign Groups,2026-01-01,2026-03-31,"[[1, DSP Conversão], [2, SB], [3, SD]]",59,2636,43.09039221318996,0,0.0000,0,0.0,0,0.0000,0,,,,
Path to Conversion by Campaign Groups,2026-01-01,2026-03-31,"[[1, SP], [2, DSP Consideração], [3, DSP Conversão], [4, DSP NTB], [5, SD], [6, DSP Awareness], [7, SB]]",59,3292,43.800462498467866,1,141.9083,1,0.0169,1,87.9765,1,1.0,1.0,,
Path to Conversion by Campaign Groups,2026-01-01,2026-03-31,"[[1, SB], [2, DSP Awareness]]",58,2185,39.49925920694345,0,0.0000,0,0.0,0,0.0000,0,,,,
Path to Conversion by Campaign Groups,2026-01-01,2026-03-31,"[[1, SP], [2, DSP Consideração], [3, SB]]",58,1412,14.336852332460005,0,0.0000,0,0.0,0,0.0000,0,,,,
Path to Conversion by Campaign Groups,2026-01-01,2026-03-31,"[[1, SB], [2, SP], [3, DSP Conversão]]",56,2779,24.474256933367784,0,0.0000,0,0.0,0,0.0000,0,,,,
Path to Conversion by Campaign Groups,2026-01-01,2026-03-31,"[[1, DSP Conversão], [2, SP], [3, SB]]",56,964,6.0533965740158795,0,0.0000,0,0.0,0,0.0000,0,,,,
Path to Conversion by Campaign Groups,2026-01-01,2026-03-31,"[[1, SD], [2, SB], [3, DSP Conversão], [4, DSP NTB], [5, DSP Awareness]]",56,4121,63.47418265916014,1,193.3740,1,0.0179,1,129.8419,1,1.0,1.0,,
Path to Conversion by Campaign Groups,2026-01-01,2026-03-31,"[[1, SD], [2, SP], [3, SB], [4, DSP NTB], [5, DSP Conversão], [6, DSP Awareness]]",56,5478,71.64449964209582,1,151.2410,1,0.0179,1,88.1194,1,1.0,1.0,,
Path to Conversion by Campaign Groups,2026-01-01,2026-03-31,"[[1, DSP Awareness], [2, DSP NTB], [3, DSP Conversão], [4, SB], [5, SP], [6, SD]]",52,1676,22.45122606526656,1,207.4928,1,0.0192,1,107.1916,1,1.0,1.0,,
Path to Conversion by Campaign Groups,2026-01-01,2026-03-31,"[[1, DSP Conversão], [2, SB SOV], [3, DSP NTB], [4, DSP Awareness], [5, SP], [6, SB], [7, SD]]",50,2381,43.30081652425105,1,210.0704,1,0.02,1,132.4782,1,1.0,1.0,,
Path to Conversion by Campaign Groups,2026-01-01,2026-03-31,"[[1, DSP NTB], [2, DSP Conversão], [3, SB SOV], [4, SB], [5, SP], [6, DSP Awareness], [7, SD]]",50,6602,42.754153554634556,2,406.9523,2,0.04,1,207.5464,1,0.5,0.5,,
Path to Conversion by Campaign Groups,2026-01-01,2026-03-31,"[[1, SP], [2, DSP Conversão], [3, SD]]",50,2743,49.16219434267696,0,0.0000,0,0.0,0,0.0000,0,,,,
Path to Conversion by Campaign Groups,2026-01-01,2026-03-31,"[[1, DSP Awareness], [2, SD], [3, DSP Conversão], [4, SB]]",49,2826,40.75368059113283,0,0.0000,0,0.0,0,0.0000,0,,,,
Path to Conversion by Campaign Groups,2026-01-01,2026-03-31,"[[1, DSP Awareness], [2, SD], [3, DSP NTB], [4, SP]]",49,2220,39.7675883556521,0,0.0000,0,0.0,0,0.0000,0,,,,
Path to Conversion by Campaign Groups,2026-01-01,2026-03-31,"[[1, SD], [2, DSP Conversão], [3, DSP NTB]]",48,2370,42.43118935252659,0,0.0000,0,0.0,0,0.0000,0,,,,
Path to Conversion by Campaign Groups,2026-01-01,2026-03-31,"[[1, SP], [2, DSP NTB], [3, SB SOV], [4, DSP Conversão], [5, SB], [6, DSP Consideração], [7, DSP Awareness]]",48,5717,74.84269084079796,1,118.7636,1,0.0208,1,61.8508,1,1.0,1.0,,
Path to Conversion by Campaign Groups,2026-01-01,2026-03-31,"[[1, DSP Conversão], [2, SP], [3, SD]]",48,1665,20.2368204082591,0,0.0000,0,0.0,0,0.0000,0,,,,
Path to Conversion by Campaign Groups,2026-01-01,2026-03-31,"[[1, DSP Consideração], [2, DSP Conversão]]",46,763,9.938726969655367,0,0.0000,0,0.0,0,0.0000,0,,,,
Path to Conversion by Campaign Groups,2026-01-01,2026-03-31,"[[1, DSP Conversão], [2, DSP Awareness], [3, SP], [4, SD], [5, SB], [6, SB SOV], [7, DSP NTB]]",46,1936,10.332018351226301,2,221.1685,2,0.0435,1,101.9410,1,0.5,0.5,,
Path to Conversion by Campaign Groups,2026-01-01,2026-03-31,"[[1, DSP Awareness], [2, SD], [3, DSP NTB]]",45,2369,17.37550834860548,0,0.0000,0,0.0,0,0.0000,0,,,,
Path to Conversion by Campaign Groups,2026-01-01,2026-03-31,"[[1, DSP Awareness], [2, SB]]",45,449,6.877150865570234,0,0.0000,0,0.0,0,0.0000,0,,,,
Path to Conversion by Campaign Groups,2026-01-01,2026-03-31,"[[1, DSP NTB], [2, DSP Conversão], [3, DSP Consideração], [4, SP], [5, DSP Awareness], [6, SB], [7, SD], [8, SB SOV]]",45,6197,59.64999390263903,2,228.3008,2,0.0444,1,136.8132,1,0.5,0.5,,
Path to Conversion by Campaign Groups,2026-01-01,2026-03-31,"[[1, DSP Conversão], [2, SB SOV]]",45,923,3.877174452786565,0,0.0000,0,0.0,0,0.0000,0,,,,
Path to Conversion by Campaign Groups,2026-01-01,2026-03-31,"[[1, DSP Conversão], [2, DSP NTB], [3, SB], [4, SP], [5, DSP Consideração], [6, DSP Awareness], [7, SD]]",45,2679,14.011026439749259,2,402.1182,2,0.0444,1,249.4970,1,0.5,0.5,,
Path to Conversion by Campaign Groups,2026-01-01,2026-03-31,"[[1, SD], [2, DSP NTB], [3, DSP Conversão]]",44,2062,15.425572185298604,0,0.0000,0,0.0,0,0.0000,0,,,,
Path to Conversion by Campaign Groups,2026-01-01,2026-03-31,"[[1, DSP Conversão], [2, SP], [3, DSP NTB], [4, SB]]",44,1507,7.370855097969165,1,189.0669,1,0.0227,1,107.9079,1,1.0,1.0,,
Path to Conversion by Campaign Groups,2026-01-01,2026-03-31,"[[1, DSP Conversão], [2, DSP Awareness], [3, DSP NTB]]",44,641,12.154950226635316,0,0.0000,0,0.0,0,0.0000,0,,,,
Path to Conversion by Campaign Groups,2026-01-01,2026-03-31,"[[1, DSP Awareness], [2, DSP Consideração], [3, SD], [4, SP]]",44,2742,19.812412680016006,0,0.0000,0,0.0,0,0.0000,0,,,,
Path to Conversion by Campaign Groups,2026-01-01,2026-03-31,"[[1, SP], [2, DSP NTB], [3, SB], [4, DSP Awareness]]",43,1267,16.181494187536906,0,0.0000,0,0.0,0,0.0000,0,,,,
Path to Conversion by Campaign Groups,2026-01-01,2026-03-31,"[[1, SB], [2, DSP Awareness], [3, SD], [4, DSP Conversão], [5, SP], [6, DSP NTB], [7, DSP Consideração]]",43,3899,42.97692670697038,1,210.5055,1,0.0233,0,101.1704,0,0.0,0.0,,
Path to Conversion by Campaign Groups,2026-01-01,2026-03-31,"[[1, SD], [2, DSP NTB], [3, SP], [4, SB], [5, DSP Awareness], [6, DSP Consideração], [7, DSP Conversão]]",42,1375,18.664199620455946,1,130.5346,1,0.0238,0,62.3970,0,0.0,0.0,,
Path to Conversion by Campaign Groups,2026-01-01,2026-03-31,"[[1, SB], [2, DSP Awareness], [3, DSP NTB]]",42,1859,18.649633849432657,0,0.0000,0,0.0,0,0.0000,0,,,,
Path to Conversion by Campaign Groups,2026-01-01,2026-03-31,"[[1, DSP NTB], [2, SP], [3, DSP Conversão]]",42,2492,18.15198020743078,0,0.0000,0,0.0,0,0.0000,0,,,,
Path to Conversion by Campaign Groups,2026-01-01,2026-03-31,"[[1, DSP NTB], [2, SD], [3, SP]]",42,1245,13.833514314911435,0,0.0000,0,0.0,0,0.0000,0,,,,
Path to Conversion by Campaign Groups,2026-01-01,2026-03-31,"[[1, SD], [2, SP], [3, DSP Conversão], [4, DSP Consideração], [5, SB], [6, DSP NTB], [7, DSP Awareness], [8, SB SOV]]",42,4140,62.68245880018634,1,208.7754,1,0.0238,1,116.7362,1,1.0,1.0,,
Path to Conversion by Campaign Groups,2026-01-01,2026-03-31,"[[1, SB], [2, DSP Awareness], [3, DSP Conversão]]",42,1232,20.086985029703694,0,0.0000,0,0.0,0,0.0000,0,,,,
Path to Conversion by Campaign Groups,2026-01-01,2026-03-31,"[[1, SB], [2, SP], [3, SD]]",41,2460,41.846923973806014,0,0.0000,0,0.0,0,0.0000,0,,,,
Path to Conversion by Campaign Groups,2026-01-01,2026-03-31,"[[1, SD], [2, SB], [3, SB SOV], [4, DSP Awareness]]",41,2988,20.825142520765414,0,0.0000,0,0.0,0,0.0000,0,,,,
Path to Conversion by Campaign Groups,2026-01-01,2026-03-31,"[[1, DSP Conversão], [2, DSP Consideração], [3, DSP NTB]]",41,2482,28.6141604260118,0,0.0000,0,0.0,0,0.0000,0,,,,
Path to Conversion by Campaign Groups,2026-01-01,2026-03-31,"[[1, SB SOV], [2, DSP Consideração]]",41,833,6.432430154569093,0,0.0000,0,0.0,0,0.0000,0,,,,
Path to Conversion by Campaign Groups,2026-01-01,2026-03-31,"[[1, DSP Consideração], [2, DSP Awareness], [3, SP], [4, DSP NTB], [5, SB], [6, DSP Conversão], [7, SD]]",40,3381,65.23958683231695,1,151.1868,1,0.025,1,90.4723,1,1.0,1.0,,
Path to Conversion by Campaign Groups,2026-01-01,2026-03-31,"[[1, SD], [2, SB]]",39,897,15.113365422147744,0,0.0000,0,0.0,0,0.0000,0,,,,
Path to Conversion by Campaign Groups,2026-01-01,2026-03-31,"[[1, DSP Consideração], [2, DSP NTB], [3, SP]]",39,1973,26.852224938142808,0,0.0000,0,0.0,0,0.0000,0,,,,
Path to Conversion by Campaign Groups,2026-01-01,2026-03-31,"[[1, DSP Conversão], [2, DSP Awareness], [3, SB]]",39,538,9.204303640612133,0,0.0000,0,0.0,0,0.0000,0,,,,
Path to Conversion by Campaign Groups,2026-01-01,2026-03-31,"[[1, SB SOV], [2, SB], [3, DSP Conversão]]",39,1092,19.82100287447268,0,0.0000,0,0.0,0,0.0000,0,,,,
Path to Conversion by Campaign Groups,2026-01-01,2026-03-31,"[[1, SD], [2, SP], [3, SB], [4, DSP Conversão]]",38,1104,21.862568640375116,0,0.0000,0,0.0,0,0.0000,0,,,,
Path to Conversion by Campaign Groups,2026-01-01,2026-03-31,"[[1, SD], [2, SP], [3, SB]]",38,898,5.422872348222419,0,0.0000,0,0.0,0,0.0000,0,,,,
Path to Conversion by Campaign Groups,2026-01-01,2026-03-31,"[[1, DSP Awareness], [2, DSP Conversão]]",38,890,6.028480681748175,0,0.0000,0,0.0,0,0.0000,0,,,,
Path to Conversion by Campaign Groups,2026-01-01,2026-03-31,"[[1, DSP NTB], [2, SP], [3, SB]]",38,2140,18.122189066519173,0,0.0000,0,0.0,0,0.0000,0,,,,
Path to Conversion by Campaign Groups,2026-01-01,2026-03-31,"[[1, SB], [2, DSP Conversão], [3, DSP NTB], [4, DSP Awareness], [5, DSP Consideração], [6, SP]]",38,4379,21.813501689584196,0,0.0000,0,0.0,0,0.0000,0,,,,
Path to Conversion by Campaign Groups,2026-01-01,2026-03-31,"[[1, SB], [2, DSP Conversão], [3, SB SOV], [4, SP]]",37,2373,14.986641709582766,1,211.2247,1,0.027,0,81.9559,0,0.0,0.0,,
Path to Conversion by Campaign Groups,2026-01-01,2026-03-31,"[[1, DSP Consideração], [2, SB], [3, DSP NTB], [4, DSP Awareness], [5, DSP Conversão]]",37,1911,17.10700093003428,0,0.0000,0,0.0,0,0.0000,0,,,,
Path to Conversion by Campaign Groups,2026-01-01,2026-03-31,"[[1, SD], [2, SB SOV], [3, DSP NTB], [4, SP], [5, DSP Conversão], [6, DSP Awareness], [7, SB]]",37,2037,18.736034539624228,2,297.9010,2,0.0541,1,183.0396,1,0.5,0.5,,
Path to Conversion by Campaign Groups,2026-01-01,2026-03-31,"[[1, DSP NTB], [2, SD], [3, DSP Conversão], [4, SP], [5, DSP Awareness]]",37,3278,45.81438566774037,1,107.1148,1,0.027,0,52.1478,0,0.0,0.0,,
Path to Conversion by Campaign Groups,2026-01-01,2026-03-31,"[[1, SB], [2, DSP Awareness], [3, DSP NTB], [4, DSP Conversão], [5, SP], [6, SD], [7, SB SOV]]",36,4690,42.82460651338496,1,146.1892,1,0.0278,0,66.7174,0,0.0,0.0,,
Path to Conversion by Campaign Groups,2026-01-01,2026-03-31,"[[1, SP], [2, DSP Conversão]]",36,875,7.098064316952451,0,0.0000,0,0.0,0,0.0000,0,,,,
Path to Conversion by Campaign Groups,2026-01-01,2026-03-31,"[[1, SP], [2, DSP Awareness]]",36,608,8.711820128954754,0,0.0000,0,0.0,0,0.0000,0,,,,
Path to Conversion by Campaign Groups,2026-01-01,2026-03-31,"[[1, DSP Conversão], [2, DSP Awareness], [3, SP]]",36,528,5.33370335165728,0,0.0000,0,0.0,0,0.0000,0,,,,
Path to Conversion by Campaign Groups,2026-01-01,2026-03-31,"[[1, DSP Conversão], [2, DSP NTB], [3, DSP Awareness], [4, SD], [5, DSP Consideração], [6, SB], [7, SP], [8, SB SOV]]",36,5346,60.042010856722875,2,254.4819,2,0.0556,1,116.8455,1,0.5,0.5,,
Path to Conversion by Campaign Groups,2026-01-01,2026-03-31,"[[1, SP], [2, DSP Conversão], [3, SB], [4, DSP Awareness]]",35,2686,21.54698297465978,0,0.0000,0,0.0,0,0.0000,0,,,,
Path to Conversion by Campaign Groups,2026-01-01,2026-03-31,"[[1, SD], [2, SP], [3, DSP Awareness], [4, DSP NTB], [5, SB], [6, DSP Conversão]]",35,1972,11.378937574333275,1,218.6862,1,0.0286,0,105.0536,0,0.0,0.0,,
Path to Conversion by Campaign Groups,2026-01-01,2026-03-31,"[[1, SP], [2, DSP Awareness], [3, DSP Conversão], [4, DSP NTB], [5, SB]]",35,3345,40.712001831805274,1,177.1623,1,0.0286,1,103.5914,1,1.0,1.0,,
Path to Conversion by Campaign Groups,2026-01-01,2026-03-31,"[[1, SP], [2, DSP Awareness], [3, SB]]",34,1880,14.100080985148796,0,0.0000,0,0.0,0,0.0000,0,,,,
Path to Conversion by Campaign Groups,2026-01-01,2026-03-31,"[[1, DSP Conversão], [2, SB], [3, DSP NTB]]",34,1348,6.1124593171753165,0,0.0000,0,0.0,0,0.0000,0,,,,
Path to Conversion by Campaign Groups,2026-01-01,2026-03-31,"[[1, SD], [2, SP], [3, DSP Awareness], [4, SB]]",34,2300,27.83602006607864,0,0.0000,0,0.0,0,0.0000,0,,,,
Path to Conversion by Campaign Groups,2026-01-01,2026-03-31,"[[1, DSP Awareness], [2, DSP NTB], [3, SP], [4, DSP Conversão], [5, DSP Consideração]]",34,1569,19.074280007693467,0,0.0000,0,0.0,0,0.0000,0,,,,
Path to Conversion by Campaign Groups,2026-01-01,2026-03-31,"[[1, SB], [2, DSP Conversão]]",33,1268,23.578623900300602,0,0.0000,0,0.0,0,0.0000,0,,,,
Path to Conversion by Campaign Groups,2026-01-01,2026-03-31,"[[1, SP], [2, DSP Awareness], [3, DSP Conversão]]",33,712,11.009413308434748,0,0.0000,0,0.0,0,0.0000,0,,,,
Path to Conversion by Campaign Groups,2026-01-01,2026-03-31,"[[1, DSP Consideração], [2, DSP NTB], [3, DSP Conversão], [4, DSP Awareness], [5, SP]]",33,1010,13.740764360890795,1,189.7603,1,0.0303,0,93.8436,0,0.0,0.0,,
Path to Conversion by Campaign Groups,2026-01-01,2026-03-31,"[[1, DSP NTB], [2, SB], [3, DSP Conversão], [4, DSP Awareness], [5, SP]]",33,1446,12.952499697035357,0,0.0000,0,0.0,0,0.0000,0,,,,
Path to Conversion by Campaign Groups,2026-01-01,2026-03-31,"[[1, SP], [2, SD], [3, DSP Awareness], [4, DSP NTB]]",33,2433,44.896506448778275,0,0.0000,0,0.0,0,0.0000,0,,,,
Path to Conversion by Campaign Groups,2026-01-01,2026-03-31,"[[1, SB], [2, SP], [3, SB SOV], [4, DSP NTB], [5, DSP Awareness], [6, DSP Conversão]]",33,2230,18.647323946305455,1,125.3258,1,0.0303,1,67.3018,1,1.0,1.0,,
Path to Conversion by Campaign Groups,2026-01-01,2026-03-31,"[[1, SP], [2, SD], [3, SB], [4, DSP NTB], [5, DSP Awareness], [6, DSP Conversão]]",32,2364,18.19690496120834,1,98.1403,1,0.0312,1,49.2288,1,1.0,1.0,,
Path to Conversion by Campaign Groups,2026-01-01,2026-03-31,"[[1, SD], [2, SP], [3, DSP Consideração], [4, DSP Awareness]]",32,1269,11.753809218664276,0,0.0000,0,0.0,0,0.0000,0,,,,
Path to Conversion by Campaign Groups,2026-01-01,2026-03-31,"[[1, DSP NTB], [2, DSP Awareness]]",32,1044,4.700372688602309,0,0.0000,0,0.0,0,0.0000,0,,,,
Path to Conversion by Campaign Groups,2026-01-01,2026-03-31,"[[1, SP], [2, DSP Awareness], [3, DSP Consideração]]",32,1463,8.30226620366494,0,0.0000,0,0.0,0,0.0000,0,,,,
Path to Conversion by Campaign Groups,2026-01-01,2026-03-31,"[[1, SD], [2, SP], [3, DSP Conversão], [4, DSP Awareness], [5, SB]]",32,1640,28.844275218457497,0,0.0000,0,0.0,0,0.0000,0,,,,
Path to Conversion by Campaign Groups,2026-01-01,2026-03-31,"[[1, DSP NTB], [2, SD]]",32,811,4.5549670040531725,0,0.0000,0,0.0,0,0.0000,0,,,,
Path to Conversion by Campaign Groups,2026-01-01,2026-03-31,"[[1, SP], [2, DSP Conversão], [3, SB], [4, SD]]",32,1279,7.210851885498605,0,0.0000,0,0.0,0,0.0000,0,,,,
Path to Conversion by Campaign Groups,2026-01-01,2026-03-31,"[[1, DSP Awareness], [2, DSP Conversão], [3, SD], [4, SB], [5, SP], [6, DSP NTB], [7, SB SOV]]",32,3172,19.659483582961254,0,0.0000,0,0.0,0,0.0000,0,,,,
Path to Conversion by Campaign Groups,2026-01-01,2026-03-31,"[[1, SD], [2, DSP Awareness]]",31,474,8.625479264893958,0,0.0000,0,0.0,0,0.0000,0,,,,
Path to Conversion by Campaign Groups,2026-01-01,2026-03-31,"[[1, SB], [2, DSP Consideração], [3, SD], [4, SB SOV], [5, DSP Conversão], [6, DSP Awareness], [7, SP], [8, DSP NTB]]",31,1290,14.216594987227554,2,224.5197,2,0.0645,1,141.0313,1,0.5,0.5,,
Path to Conversion by Campaign Groups,2026-01-01,2026-03-31,"[[1, DSP Awareness], [2, SB], [3, SD]]",31,1660,13.122884550625793,0,0.0000,0,0.0,0,0.0000,0,,,,
Path to Conversion by Campaign Groups,2026-01-01,2026-03-31,"[[1, SD], [2, DSP Awareness], [3, DSP NTB], [4, DSP Conversão], [5, DSP Consideração], [6, SB], [7, SP]]",31,1386,16.312249283857227,1,188.2446,1,0.0323,1,122.0528,1,1.0,1.0,,
Path to Conversion by Campaign Groups,2026-01-01,2026-03-31,"[[1, DSP Awareness], [2, DSP NTB]]",31,1254,5.3572996679867355,0,0.0000,0,0.0,0,0.0000,0,,,,
Path to Conversion by Campaign Groups,2026-01-01,2026-03-31,"[[1, DSP Conversão], [2, SP], [3, DSP Awareness], [4, SD], [5, SB], [6, DSP Consideração]]",31,1634,28.86857549053974,0,0.0000,0,0.0,0,0.0000,0,,,,
Path to Conversion by Campaign Groups,2026-01-01,2026-03-31,"[[1, DSP NTB], [2, SP], [3, SD], [4, DSP Conversão], [5, DSP Awareness]]",31,2752,40.54833848214036,0,0.0000,0,0.0,0,0.0000,0,,,,
Path to Conversion by Campaign Groups,2026-01-01,2026-03-31,"[[1, SB], [2, DSP Conversão], [3, SD]]",31,830,5.508964163464476,0,0.0000,0,0.0,0,0.0000,0,,,,
Path to Conversion by Campaign Groups,2026-01-01,2026-03-31,"[[1, SP], [2, DSP NTB], [3, SD], [4, SB], [5, DSP Awareness], [6, DSP Consideração]]",31,1769,33.80667820376691,1,200.8504,1,0.0323,1,120.4685,1,1.0,1.0,,
Path to Conversion by Campaign Groups,2026-01-01,2026-03-31,"[[1, SP], [2, DSP Awareness], [3, DSP NTB]]",31,765,9.845942858334933,0,0.0000,0,0.0,0,0.0000,0,,,,
Path to Conversion by Campaign Groups,2026-01-01,2026-03-31,"[[1, DSP Awareness], [2, SP], [3, DSP Conversão]]",30,778,15.198124891810272,0,0.0000,0,0.0,0,0.0000,0,,,,
Path to Conversion by Campaign Groups,2026-01-01,2026-03-31,"[[1, DSP Conversão], [2, DSP Awareness], [3, SD]]",30,1638,32.1282630515907,0,0.0000,0,0.0,0,0.0000,0,,,,
Path to Conversion by Campaign Groups,2026-01-01,2026-03-31,"[[1, SP], [2, DSP Awareness], [3, SB], [4, DSP Conversão], [5, SD]]",30,728,4.990341042621616,0,0.0000,0,0.0,0,0.0000,0,,,,
Path to Conversion by Campaign Groups,2026-01-01,2026-03-31,"[[1, DSP Awareness], [2, SB], [3, DSP NTB], [4, DSP Conversão]]",30,1237,5.2295906410757755,0,0.0000,0,0.0,0,0.0000,0,,,,
Path to Conversion by Campaign Groups,2026-01-01,2026-03-31,"[[1, DSP NTB], [2, DSP Conversão], [3, SP], [4, DSP Awareness], [5, SD]]",30,981,6.805075450425771,0,0.0000,0,0.0,0,0.0000,0,,,,
Path to Conversion by Campaign Groups,2026-01-01,2026-03-31,"[[1, SD], [2, SP], [3, SB], [4, DSP Awareness], [5, DSP Conversão]]",30,1961,31.06114760231193,1,155.0393,1,0.0333,0,63.6508,0,0.0,0.0,,
Path to Conversion by Campaign Groups,2026-01-01,2026-03-31,"[[1, SB], [2, DSP NTB], [3, DSP Conversão]]",30,1291,8.508430043954741,0,0.0000,0,0.0,0,0.0000,0,,,,
Path to Conversion by Campaign Groups,2026-01-01,2026-03-31,"[[1, DSP Awareness], [2, DSP NTB], [3, SB], [4, SP], [5, SD]]",30,1300,22.489874087791367,0,0.0000,0,0.0,0,0.0000,0,,,,
Path to Conversion by Campaign Groups,2026-01-01,2026-03-31,"[[1, DSP NTB], [2, SD], [3, DSP Conversão]]",29,503,8.528019212587044,0,0.0000,0,0.0,0,0.0000,0,,,,
Path to Conversion by Campaign Groups,2026-01-01,2026-03-31,"[[1, DSP NTB], [2, SP], [3, DSP Awareness], [4, SB]]",29,629,11.629463870490842,0,0.0000,0,0.0,0,0.0000,0,,,,
Path to Conversion by Campaign Groups,2026-01-01,2026-03-31,"[[1, DSP NTB], [2, SP], [3, DSP Consideração]]",29,1355,24.336013078495046,0,0.0000,0,0.0,0,0.0000,0,,,,
Path to Conversion by Campaign Groups,2026-01-01,2026-03-31,"[[1, DSP NTB], [2, SP], [3, SB], [4, DSP Conversão], [5, DSP Awareness], [6, SB SOV], [7, SD]]",29,3702,47.40053309138563,0,0.0000,0,0.0,0,0.0000,0,,,,
Path to Conversion by Campaign Groups,2026-01-01,2026-03-31,"[[1, DSP Awareness], [2, SP]]",29,959,16.630381747278754,0,0.0000,0,0.0,0,0.0000,0,,,,
Path to Conversion by Campaign Groups,2026-01-01,2026-03-31,"[[1, DSP NTB], [2, DSP Conversão], [3, DSP Awareness]]",29,1215,12.927473335996144,0,0.0000,0,0.0,0,0.0000,0,,,,
Path to Conversion by Campaign Groups,2026-01-01,2026-03-31,"[[1, DSP Conversão], [2, SB], [3, DSP Awareness]]",29,1553,17.00365395380527,0,0.0000,0,0.0,0,0.0000,0,,,,
Path to Conversion by Campaign Groups,2026-01-01,2026-03-31,"[[1, SD], [2, DSP Awareness], [3, SB], [4, SP], [5, DSP NTB], [6, DSP Conversão]]",29,2923,49.90613527090732,0,0.0000,0,0.0,0,0.0000,0,,,,
Path to Conversion by Campaign Groups,2026-01-01,2026-03-31,"[[1, SB], [2, DSP Awareness], [3, SD]]",29,1565,21.523660690269924,0,0.0000,0,0.0,0,0.0000,0,,,,
Path to Conversion by Campaign Groups,2026-01-01,2026-03-31,"[[1, SB], [2, SP], [3, DSP Awareness], [4, DSP Conversão], [5, SD], [6, DSP NTB]]",29,1730,33.02415049179215,0,0.0000,0,0.0,0,0.0000,0,,,,
Path to Conversion by Campaign Groups,2026-01-01,2026-03-31,"[[1, DSP NTB], [2, SB], [3, SP]]",29,1035,17.725451950803354,0,0.0000,0,0.0,0,0.0000,0,,,,
Path to Conversion by Campaign Groups,2026-01-01,2026-03-31,"[[1, SP], [2, DSP Conversão], [3, DSP Awareness], [4, DSP NTB], [5, DSP Consideração]]",29,1658,29.298325607636876,0,0.0000,0,0.0,0,0.0000,0,,,,
Path to Conversion by Campaign Groups,2026-01-01,2026-03-31,"[[1, SB], [2, DSP Conversão], [3, SP]]",28,1433,24.176329134500456,0,0.0000,0,0.0,0,0.0000,0,,,,
Path to Conversion by Campaign Groups,2026-01-01,2026-03-31,"[[1, DSP Conversão], [2, SP], [3, DSP Awareness]]",28,1539,8.308099664688042,0,0.0000,0,0.0,0,0.0000,0,,,,
Path to Conversion by Campaign Groups,2026-01-01,2026-03-31,"[[1, DSP NTB], [2, SD], [3, DSP Awareness]]",28,1502,30.009813806125866,0,0.0000,0,0.0,0,0.0000,0,,,,
Path to Conversion by Campaign Groups,2026-01-01,2026-03-31,"[[1, DSP Awareness], [2, SB], [3, DSP Conversão]]",28,1334,14.662922616314543,0,0.0000,0,0.0,0,0.0000,0,,,,
Path to Conversion by Campaign Groups,2026-01-01,2026-03-31,"[[1, DSP Awareness], [2, SB SOV], [3, DSP NTB], [4, DSP Conversão], [5, SP], [6, SB]]",28,1568,23.769023732369117,0,0.0000,0,0.0,0,0.0000,0,,,,
Path to Conversion by Campaign Groups,2026-01-01,2026-03-31,"[[1, DSP NTB], [2, SP], [3, DSP Awareness], [4, SB SOV]]",28,1435,27.206538421464224,0,0.0000,0,0.0,0,0.0000,0,,,,
Path to Conversion by Campaign Groups,2026-01-01,2026-03-31,"[[1, DSP Conversão], [2, SP], [3, DSP Awareness], [4, SB]]",28,1507,19.62340433472338,0,0.0000,0,0.0,0,0.0000,0,,,,
Path to Conversion by Campaign Groups,2026-01-01,2026-03-31,"[[1, SD], [2, DSP Consideração]]",28,932,3.8948376960055597,0,0.0000,0,0.0,0,0.0000,0,,,,
Path to Conversion by Campaign Groups,2026-01-01,2026-03-31,"[[1, DSP Conversão], [2, SD], [3, SB SOV], [4, SP], [5, DSP Consideração], [6, DSP Awareness], [7, SB], [8, DSP NTB]]",28,4440,66.74323040608718,1,120.7180,1,0.0357,1,72.5253,1,1.0,1.0,,
Path to Conversion by Campaign Groups,2026-01-01,2026-03-31,"[[1, SB], [2, DSP Conversão], [3, SP], [4, DSP Awareness], [5, SD]]",28,787,12.723178553939759,0,0.0000,0,0.0,0,0.0000,0,,,,
Path to Conversion by Campaign Groups,2026-01-01,2026-03-31,"[[1, DSP Consideração], [2, SB], [3, SP], [4, SD], [5, DSP Conversão]]",27,2508,13.430837852133187,0,0.0000,0,0.0,0,0.0000,0,,,,
Path to Conversion by Campaign Groups,2026-01-01,2026-03-31,"[[1, DSP Conversão], [2, DSP Awareness]]",27,687,4.151013657430285,0,0.0000,0,0.0,0,0.0000,0,,,,
Path to Conversion by Campaign Groups,2026-01-01,2026-03-31,"[[1, DSP Conversão], [2, DSP NTB]]",27,964,12.107429655445522,0,0.0000,0,0.0,0,0.0000,0,,,,
Path to Conversion by Campaign Groups,2026-01-01,2026-03-31,"[[1, DSP Conversão], [2, SB]]",27,521,8.90826305830607,0,0.0000,0,0.0,0,0.0000,0,,,,
Path to Conversion by Campaign Groups,2026-01-01,2026-03-31,"[[1, SB], [2, DSP Awareness], [3, SP]]",27,1366,17.50879092640819,0,0.0000,0,0.0,0,0.0000,0,,,,
Path to Conversion by Campaign Groups,2026-01-01,2026-03-31,"[[1, SB], [2, DSP Awareness], [3, DSP NTB], [4, SD], [5, SP]]",27,907,15.64700558854387,0,0.0000,0,0.0,0,0.0000,0,,,,
Path to Conversion by Campaign Groups,2026-01-01,2026-03-31,"[[1, DSP Awareness], [2, DSP Conversão], [3, SB], [4, SD], [5, SP]]",27,1051,10.487962066822673,0,0.0000,0,0.0,0,0.0000,0,,,,
Path to Conversion by Campaign Groups,2026-01-01,2026-03-31,"[[1, DSP Conversão], [2, DSP Consideração], [3, SP]]",27,1420,18.22569428096243,0,0.0000,0,0.0,0,0.0000,0,,,,
Path to Conversion by Campaign Groups,2026-01-01,2026-03-31,"[[1, DSP Awareness], [2, DSP Conversão], [3, DSP NTB]]",27,1190,20.77361377349677,0,0.0000,0,0.0,0,0.0000,0,,,,
Path to Conversion by Campaign Groups,2026-01-01,2026-03-31,"[[1, DSP Conversão], [2, SB], [3, SP], [4, DSP NTB]]",27,1453,23.43798811794495,0,0.0000,0,0.0,0,0.0000,0,,,,
Path to Conversion by Campaign Groups,2026-01-01,2026-03-31,"[[1, DSP Consideração], [2, SD], [3, DSP Awareness], [4, SB SOV], [5, DSP Conversão], [6, SP], [7, DSP NTB], [8, SB]]",27,2225,35.05768844805555,0,0.0000,0,0.0,0,0.0000,0,,,,
Path to Conversion by Campaign Groups,2026-01-01,2026-03-31,"[[1, DSP NTB], [2, SP]]",26,802,12.084001852726246,0,0.0000,0,0.0,0,0.0000,0,,,,
Path to Conversion by Campaign Groups,2026-01-01,2026-03-31,"[[1, DSP Awareness], [2, DSP Consideração], [3, DSP NTB], [4, SD], [5, SP], [6, DSP Conversão], [7, SB]]",26,1222,14.861249233040489,0,0.0000,0,0.0,0,0.0000,0,,,,
Path to Conversion by Campaign Groups,2026-01-01,2026-03-31,"[[1, DSP Consideração], [2, SP], [3, DSP NTB]]",26,859,11.657852229727602,0,0.0000,0,0.0,0,0.0000,0,,,,
Path to Conversion by Campaign Groups,2026-01-01,2026-03-31,"[[1, DSP Awareness], [2, DSP Conversão], [3, SP]]",26,726,10.507185575698434,0,0.0000,0,0.0,0,0.0000,0,,,,
Path to Conversion by Campaign Groups,2026-01-01,2026-03-31,"[[1, DSP Consideração], [2, DSP Conversão], [3, SB], [4, SP], [5, DSP Awareness], [6, DSP NTB]]",26,1854,33.51887675334783,0,0.0000,0,0.0,0,0.0000,0,,,,
Path to Conversion by Campaign Groups,2026-01-01,2026-03-31,"[[1, SB], [2, DSP NTB], [3, SP]]",26,538,6.881743762352733,0,0.0000,0,0.0,0,0.0000,0,,,,
Path to Conversion by Campaign Groups,2026-01-01,2026-03-31,"[[1, DSP NTB], [2, SP], [3, DSP Awareness], [4, SD]]",26,859,4.676099723694628,0,0.0000,0,0.0,0,0.0000,0,,,,
Path to Conversion by Campaign Groups,2026-01-01,2026-03-31,"[[1, SP], [2, SB], [3, DSP NTB], [4, DSP Conversão]]",25,1236,5.47863425691694,0,0.0000,0,0.0,0,0.0000,0,,,,
Path to Conversion by Campaign Groups,2026-01-01,2026-03-31,"[[1, DSP Conversão], [2, DSP Awareness], [3, SD], [4, DSP NTB]]",25,1597,28.40228470234634,0,0.0000,0,0.0,0,0.0000,0,,,,
Path to Conversion by Campaign Groups,2026-01-01,2026-03-31,"[[1, DSP Awareness], [2, SB], [3, SD], [4, DSP Conversão], [5, DSP NTB], [6, SB SOV], [7, SP], [8, DSP Consideração]]",25,3096,48.777509634446176,1,153.1447,1,0.04,1,91.5872,1,1.0,1.0,,
Path to Conversion by Campaign Groups,2026-01-01,2026-03-31,"[[1, SP], [2, DSP Conversão], [3, DSP NTB]]",25,730,14.363154457016991,0,0.0000,0,0.0,0,0.0000,0,,,,
Path to Conversion by Campaign Groups,2026-01-01,2026-03-31,"[[1, SP], [2, DSP Conversão], [3, SB], [4, DSP Awareness], [5, DSP NTB]]",25,853,4.074464056840095,0,0.0000,0,0.0,0,0.0000,0,,,,
Path to Conversion by Campaign Groups,2026-01-01,2026-03-31,"[[1, SD], [2, SB SOV], [3, DSP Conversão], [4, SP], [5, SB], [6, DSP Awareness], [7, DSP NTB]]",25,806,4.289046832595567,1,182.4441,1,0.04,1,103.9922,1,1.0,1.0,,
Path to Conversion by Campaign Groups,2026-01-01,2026-03-31,"[[1, SP], [2, SB], [3, DSP Awareness], [4, DSP Conversão]]",25,1655,21.991341769881906,0,0.0000,0,0.0,0,0.0000,0,,,,
Path to Conversion by Campaign Groups,2026-01-01,2026-03-31,"[[1, SP], [2, DSP Conversão], [3, SD], [4, DSP Consideração], [5, SB SOV], [6, DSP NTB], [7, DSP Awareness], [8, SB]]",25,2306,11.774653841046845,1,123.0945,1,0.04,1,78.5413,1,1.0,1.0,,
Path to Conversion by Campaign Groups,2026-01-01,2026-03-31,"[[1, DSP Conversão], [2, SD]]",24,653,6.348075219765489,0,0.0000,0,0.0,0,0.0000,0,,,,
Path to Conversion by Campaign Groups,2026-01-01,2026-03-31,"[[1, SD], [2, SB], [3, DSP Awareness], [4, DSP Conversão]]",24,956,18.95893855448191,0,0.0000,0,0.0,0,0.0000,0,,,,
Path to Conversion by Campaign Groups,2026-01-01,2026-03-31,"[[1, DSP Conversão], [2, SP], [3, SB], [4, SD]]",24,1580,12.499570338457215,0,0.0000,0,0.0,0,0.0000,0,,,,
Path to Conversion by Campaign Groups,2026-01-01,2026-03-31,"[[1, SP], [2, DSP NTB]]",24,833,6.836017205875578,0,0.0000,0,0.0,0,0.0000,0,,,,
Path to Conversion by Campaign Groups,2026-01-01,2026-03-31,"[[1, SP], [2, SD], [3, SB]]",24,667,9.671653538868005,0,0.0000,0,0.0,0,0.0000,0,,,,
Path to Conversion by Campaign Groups,2026-01-01,2026-03-31,"[[1, SD], [2, SB SOV], [3, SB], [4, SP], [5, DSP Awareness], [6, DSP NTB], [7, DSP Consideração], [8, DSP Conversão]]",24,3599,67.88880320894611,1,125.6412,1,0.0417,1,74.6053,1,1.0,1.0,,
Path to Conversion by Campaign Groups,2026-01-01,2026-03-31,"[[1, SD], [2, SP], [3, DSP Conversão], [4, DSP Awareness], [5, DSP NTB], [6, SB SOV], [7, DSP Consideração], [8, SB]]",24,2028,38.061406452222876,1,138.5203,1,0.0417,1,90.3426,1,1.0,1.0,,
Path to Conversion by Campaign Groups,2026-01-01,2026-03-31,"[[1, DSP Consideração], [2, DSP Awareness]]",24,339,6.228594896545872,0,0.0000,0,0.0,0,0.0000,0,,,,
Path to Conversion by Campaign Groups,2026-01-01,2026-03-31,"[[1, DSP Conversão], [2, SB], [3, DSP NTB], [4, SP]]",24,1025,11.7170588873483,0,0.0000,0,0.0,0,0.0000,0,,,,
Path to Conversion by Campaign Groups,2026-01-01,2026-03-31,"[[1, DSP Conversão], [2, SB], [3, DSP Awareness], [4, SB SOV]]",24,474,5.388686643295922,0,0.0000,0,0.0,0,0.0000,0,,,,
Path to Conversion by Campaign Groups,2026-01-01,2026-03-31,"[[1, SD], [2, SB], [3, DSP Awareness], [4, DSP Conversão], [5, DSP NTB], [6, SP]]",24,2109,16.324970308921863,0,0.0000,0,0.0,0,0.0000,0,,,,
Path to Conversion by Campaign Groups,2026-01-01,2026-03-31,"[[1, DSP Conversão], [2, SP], [3, DSP Awareness], [4, SB], [5, SD], [6, DSP NTB]]",24,1896,29.72550839767408,0,0.0000,0,0.0,0,0.0000,0,,,,
Path to Conversion by Campaign Groups,2026-01-01,2026-03-31,"[[1, DSP Awareness], [2, DSP NTB], [3, SP], [4, SB]]",24,432,6.162023417884933,0,0.0000,0,0.0,0,0.0000,0,,,,
Path to Conversion by Campaign Groups,2026-01-01,2026-03-31,"[[1, DSP NTB], [2, SD], [3, DSP Conversão], [4, DSP Consideração], [5, SP], [6, DSP Awareness], [7, SB]]",24,2651,36.435421932427694,0,0.0000,0,0.0,0,0.0000,0,,,,
Path to Conversion by Campaign Groups,2026-01-01,2026-03-31,"[[1, DSP NTB], [2, DSP Consideração], [3, DSP Conversão]]",24,928,13.617969525482117,0,0.0000,0,0.0,0,0.0000,0,,,,
Path to Conversion by Campaign Groups,2026-01-01,2026-03-31,"[[1, DSP Consideração], [2, SP]]",23,773,10.61640029349005,0,0.0000,0,0.0,0,0.0000,0,,,,
Path to Conversion by Campaign Groups,2026-01-01,2026-03-31,"[[1, DSP NTB], [2, SB], [3, DSP Conversão], [4, DSP Awareness], [5, SP], [6, SD]]",23,1138,7.979726940511266,0,0.0000,0,0.0,0,0.0000,0,,,,
Path to Conversion by Campaign Groups,2026-01-01,2026-03-31,"[[1, DSP Awareness], [2, DSP Consideração]]",23,215,1.1378948880398017,0,0.0000,0,0.0,0,0.0000,0,,,,
Path to Conversion by Campaign Groups,2026-01-01,2026-03-31,"[[1, DSP Conversão], [2, SB], [3, SP], [4, DSP Awareness], [5, DSP Consideração], [6, DSP NTB], [7, SD]]",23,3094,59.576601539481864,0,0.0000,0,0.0,0,0.0000,0,,,,
Path to Conversion by Campaign Groups,2026-01-01,2026-03-31,"[[1, DSP Consideração], [2, SP], [3, DSP NTB], [4, DSP Conversão], [5, SB], [6, DSP Awareness], [7, SD]]",23,3089,42.3953323410446,1,157.9874,1,0.0435,1,100.1466,1,1.0,1.0,,
Path to Conversion by Campaign Groups,2026-01-01,2026-03-31,"[[1, SP], [2, SD], [3, DSP Conversão]]",23,839,8.152485431632176,0,0.0000,0,0.0,0,0.0000,0,,,,
Path to Conversion by Campaign Groups,2026-01-01,2026-03-31,"[[1, SB], [2, DSP Awareness], [3, SD], [4, DSP Conversão]]",23,790,8.326523978377498,0,0.0000,0,0.0,0,0.0000,0,,,,
Path to Conversion by Campaign Groups,2026-01-01,2026-03-31,"[[1, DSP NTB], [2, DSP Awareness], [3, SP], [4, SB], [5, SB SOV]]",23,996,9.690061588913053,0,0.0000,0,0.0,0,0.0000,0,,,,
Path to Conversion by Campaign Groups,2026-01-01,2026-03-31,"[[1, SD], [2, DSP Awareness], [3, SP], [4, DSP Conversão], [5, DSP Consideração], [6, SB]]",23,1060,20.119021221493984,0,0.0000,0,0.0,0,0.0000,0,,,,
Path to Conversion by Campaign Groups,2026-01-01,2026-03-31,"[[1, DSP Awareness], [2, SB], [3, SB SOV], [4, SP], [5, DSP NTB], [6, DSP Conversão], [7, SD]]",23,2424,25.064885979933194,1,196.4614,1,0.0435,1,112.8615,1,1.0,1.0,,
Path to Conversion by Campaign Groups,2026-01-01,2026-03-31,"[[1, SP], [2, SD], [3, DSP Awareness], [4, DSP Conversão]]",23,1196,6.996000662930168,0,0.0000,0,0.0,0,0.0000,0,,,,
Path to Conversion by Campaign Groups,2026-01-01,2026-03-31,"[[1, SP], [2, DSP Awareness], [3, DSP Conversão], [4, SB], [5, DSP NTB]]",23,2249,41.86723248463851,0,0.0000,0,0.0,0,0.0000,0,,,,
Path to Conversion by Campaign Groups,2026-01-01,2026-03-31,"[[1, SB], [2, DSP Awareness], [3, DSP NTB], [4, DSP Consideração], [5, DSP Conversão], [6, SD], [7, SP]]",23,1558,30.126197951207025,1,167.3893,1,0.0435,1,104.0204,1,1.0,1.0,,
Path to Conversion by Campaign Groups,2026-01-01,2026-03-31,"[[1, SB], [2, DSP Awareness], [3, DSP NTB], [4, DSP Conversão], [5, SP], [6, SD]]",22,829,4.485147534623556,0,0.0000,0,0.0,0,0.0000,0,,,,
Path to Conversion by Campaign Groups,2026-01-01,2026-03-31,"[[1, DSP Consideração], [2, SB]]",22,493,7.260619737944066,0,0.0000,0,0.0,0,0.0000,0,,,,
Path to Conversion by Campaign Groups,2026-01-01,2026-03-31,"[[1, DSP Consideração], [2, DSP NTB], [3, SD]]",22,1292,12.457579990734342,0,0.0000,0,0.0,0,0.0000,0,,,,
Path to Conversion by Campaign Groups,2026-01-01,2026-03-31,"[[1, SD], [2, SP], [3, DSP Conversão]]",22,1161,12.405678857803649,0,0.0000,0,0.0,0,0.0000,0,,,,
Path to Conversion by Campaign Groups,2026-01-01,2026-03-31,"[[1, SP], [2, DSP NTB], [3, SB], [4, SD]]",22,1264,6.91511718706103,0,0.0000,0,0.0,0,0.0000,0,,,,
Path to Conversion by Campaign Groups,2026-01-01,2026-03-31,"[[1, SD], [2, DSP NTB], [3, SP], [4, SB]]",22,1336,21.43298494274791,0,0.0000,0,0.0,0,0.0000,0,,,,
Path to Conversion by Campaign Groups,2026-01-01,2026-03-31,"[[1, DSP NTB], [2, SB], [3, SB SOV], [4, DSP Conversão], [5, DSP Consideração], [6, DSP Awareness], [7, SP]]",22,2805,27.039532915245402,1,114.1805,1,0.0455,0,54.8260,0,0.0,0.0,,
Path to Conversion by Campaign Groups,2026-01-01,2026-03-31,"[[1, SD], [2, DSP Consideração], [3, SP]]",22,1014,10.276934208246251,0,0.0000,0,0.0,0,0.0000,0,,,,
Path to Conversion by Campaign Groups,2026-01-01,2026-03-31,"[[1, DSP Conversão], [2, DSP NTB], [3, DSP Awareness], [4, SP], [5, SB]]",22,1086,6.797144315218292,0,0.0000,0,0.0,0,0.0000,0,,,,
Path to Conversion by Campaign Groups,2026-01-01,2026-03-31,"[[1, SD], [2, DSP Conversão], [3, SB], [4, DSP NTB], [5, SP], [6, DSP Awareness]]",22,1193,11.97034614994939,0,0.0000,0,0.0,0,0.0000,0,,,,
Path to Conversion by Campaign Groups,2026-01-01,2026-03-31,"[[1, DSP Awareness], [2, SP], [3, SB], [4, SD]]",22,1310,11.127773327482572,0,0.0000,0,0.0,0,0.0000,0,,,,
Path to Conversion by Campaign Groups,2026-01-01,2026-03-31,"[[1, SD], [2, SP], [3, DSP NTB]]",22,533,7.771998236163784,0,0.0000,0,0.0,0,0.0000,0,,,,
Path to Conversion by Campaign Groups,2026-01-01,2026-03-31,"[[1, SP], [2, DSP Conversão], [3, SB], [4, DSP Consideração]]",22,1534,28.509907093704292,0,0.0000,0,0.0,0,0.0000,0,,,,
Path to Conversion by Campaign Groups,2026-01-01,2026-03-31,"[[1, DSP NTB], [2, DSP Conversão], [3, SB], [4, SP]]",22,1602,11.89963140929863,0,0.0000,0,0.0,0,0.0000,0,,,,
Path to Conversion by Campaign Groups,2026-01-01,2026-03-31,"[[1, SP], [2, DSP NTB], [3, SB], [4, DSP Conversão], [5, DSP Awareness], [6, SB SOV]]",22,1936,32.20731768547929,0,0.0000,0,0.0,0,0.0000,0,,,,
Path to Conversion by Campaign Groups,2026-01-01,2026-03-31,"[[1, DSP Awareness], [2, DSP NTB], [3, DSP Conversão], [4, SP], [5, SD], [6, SB]]",22,2568,24.153407894976667,0,0.0000,0,0.0,0,0.0000,0,,,,
Path to Conversion by Campaign Groups,2026-01-01,2026-03-31,"[[1, DSP Consideração], [2, DSP Conversão], [3, DSP Awareness], [4, SD], [5, DSP NTB], [6, SB], [7, SP]]",21,2180,26.103071310129717,0,0.0000,0,0.0,0,0.0000,0,,,,
Path to Conversion by Campaign Groups,2026-01-01,2026-03-31,"[[1, SD], [2, SP], [3, DSP Awareness]]",21,532,7.878003462769063,0,0.0000,0,0.0,0,0.0000,0,,,,
Path to Conversion by Campaign Groups,2026-01-01,2026-03-31,"[[1, SP], [2, SB]]",21,777,10.265873350426732,0,0.0000,0,0.0,0,0.0000,0,,,,
Path to Conversion by Campaign Groups,2026-01-01,2026-03-31,"[[1, SB], [2, SD], [3, SP]]",21,436,3.9483693985763013,0,0.0000,0,0.0,0,0.0000,0,,,,
Path to Conversion by Campaign Groups,2026-01-01,2026-03-31,"[[1, SP], [2, DSP Consideração]]",21,560,9.777410088017422,0,0.0000,0,0.0,0,0.0000,0,,,,
Path to Conversion by Campaign Groups,2026-01-01,2026-03-31,"[[1, DSP NTB], [2, SB]]",21,662,8.68845684869828,0,0.0000,0,0.0,0,0.0000,0,,,,
Path to Conversion by Campaign Groups,2026-01-01,2026-03-31,"[[1, SD], [2, DSP Conversão], [3, DSP Awareness], [4, SB], [5, DSP Consideração]]",21,783,5.263397770540448,0,0.0000,0,0.0,0,0.0000,0,,,,
Path to Conversion by Campaign Groups,2026-01-01,2026-03-31,"[[1, SB], [2, SP], [3, DSP Awareness], [4, DSP NTB]]",21,652,11.996354427446601,0,0.0000,0,0.0,0,0.0000,0,,,,
Path to Conversion by Campaign Groups,2026-01-01,2026-03-31,"[[1, DSP Awareness], [2, SB], [3, SD], [4, SP]]",21,917,16.218532883199497,0,0.0000,0,0.0,0,0.0000,0,,,,
Path to Conversion by Campaign Groups,2026-01-01,2026-03-31,"[[1, SD], [2, DSP Conversão]]",21,330,5.846442103412846,0,0.0000,0,0.0,0,0.0000,0,,,,
Path to Conversion by Campaign Groups,2026-01-01,2026-03-31,"[[1, DSP Consideração], [2, SD], [3, SP]]",21,432,7.180166056621955,0,0.0000,0,0.0,0,0.0000,0,,,,
Path to Conversion by Campaign Groups,2026-01-01,2026-03-31,"[[1, DSP Awareness], [2, SP], [3, DSP Consideração], [4, SB]]",21,1509,25.87402027839819,0,0.0000,0,0.0,0,0.0000,0,,,,
Path to Conversion by Campaign Groups,2026-01-01,2026-03-31,"[[1, SP], [2, SB], [3, DSP Conversão], [4, DSP NTB]]",21,1401,12.572320133944883,0,0.0000,0,0.0,0,0.0000,0,,,,
Path to Conversion by Campaign Groups,2026-01-01,2026-03-31,"[[1, DSP Conversão], [2, SD], [3, SP], [4, DSP NTB]]",21,1672,18.03551367165639,0,0.0000,0,0.0,0,0.0000,0,,,,
Path to Conversion by Campaign Groups,2026-01-01,2026-03-31,"[[1, DSP Awareness], [2, SD], [3, SB], [4, DSP Conversão], [5, DSP NTB], [6, SP]]",21,2197,14.000581481559886,0,0.0000,0,0.0,0,0.0000,0,,,,
Path to Conversion by Campaign Groups,2026-01-01,2026-03-31,"[[1, DSP Awareness], [2, SB], [3, DSP Conversão], [4, SP], [5, DSP NTB]]",21,1008,17.233939027597966,0,0.0000,0,0.0,0,0.0000,0,,,,
Path to Conversion by Campaign Groups,2026-01-01,2026-03-31,"[[1, DSP Awareness], [2, DSP NTB], [3, DSP Conversão]]",21,1213,4.872306037889106,0,0.0000,0,0.0,0,0.0000,0,,,,
Path to Conversion by Campaign Groups,2026-01-01,2026-03-31,"[[1, DSP Conversão], [2, SP], [3, DSP NTB], [4, SD], [5, SB]]",21,1319,19.599789244708905,0,0.0000,0,0.0,0,0.0000,0,,,,
Path to Conversion by Campaign Groups,2026-01-01,2026-03-31,"[[1, SD], [2, DSP Awareness], [3, DSP Conversão], [4, DSP NTB], [5, SB SOV], [6, DSP Consideração], [7, SP], [8, SB]]",21,2773,35.27982173495362,0,0.0000,0,0.0,0,0.0000,0,,,,
Path to Conversion by Campaign Groups,2026-01-01,2026-03-31,"[[1, SB], [2, DSP NTB], [3, SD], [4, SP], [5, DSP Awareness], [6, DSP Conversão], [7, SB SOV], [8, DSP Consideração]]",20,669,12.934082461136176,1,193.3017,1,0.05,1,114.7303,1,1.0,1.0,,
Path to Conversion by Campaign Groups,2026-01-01,2026-03-31,"[[1, DSP Awareness], [2, DSP Conversão], [3, SP], [4, SD], [5, SB]]",20,1994,9.21964688806302,0,0.0000,0,0.0,0,0.0000,0,,,,
Path to Conversion by Campaign Groups,2026-01-01,2026-03-31,"[[1, DSP Conversão], [2, DSP Awareness], [3, SB], [4, SD], [5, DSP NTB]]",20,1388,23.411962844158246,0,0.0000,0,0.0,0,0.0000,0,,,,
Path to Conversion by Campaign Groups,2026-01-01,2026-03-31,"[[1, DSP NTB], [2, SB], [3, DSP Awareness], [4, DSP Conversão], [5, SP], [6, SD], [7, DSP Consideração]]",20,1808,12.257040858334287,0,0.0000,0,0.0,0,0.0000,0,,,,
Path to Conversion by Campaign Groups,2026-01-01,2026-03-31,"[[1, SP], [2, DSP Awareness], [3, SD]]",20,307,1.3516216548886306,0,0.0000,0,0.0,0,0.0000,0,,,,
Path to Conversion by Campaign Groups,2026-01-01,2026-03-31,"[[1, DSP Consideração], [2, DSP NTB], [3, SD], [4, DSP Awareness], [5, DSP Conversão], [6, SB], [7, SP]]",20,2171,27.589177910957744,0,0.0000,0,0.0,0,0.0000,0,,,,
Path to Conversion by Campaign Groups,2026-01-01,2026-03-31,"[[1, SB], [2, DSP Awareness], [3, DSP Conversão], [4, SP], [5, DSP NTB], [6, DSP Consideração], [7, SD]]",20,1286,15.766617964318897,0,0.0000,0,0.0,0,0.0000,0,,,,
Path to Conversion by Campaign Groups,2026-01-01,2026-03-31,"[[1, SB], [2, DSP NTB], [3, DSP Awareness], [4, SP], [5, DSP Conversão], [6, SD]]",20,1927,38.31618356314856,0,0.0000,0,0.0,0,0.0000,0,,,,
Path to Conversion by Campaign Groups,2026-01-01,2026-03-31,"[[1, DSP Conversão], [2, DSP Awareness], [3, SB], [4, SP], [5, DSP NTB]]",20,696,2.838164709720275,0,0.0000,0,0.0,0,0.0000,0,,,,
Path to Conversion by Campaign Groups,2026-01-01,2026-03-31,"[[1, DSP NTB], [2, DSP Awareness], [3, SB], [4, SP]]",20,744,10.25286031859087,0,0.0000,0,0.0,0,0.0000,0,,,,
Path to Conversion by Campaign Groups,2026-01-01,2026-03-31,"[[1, SD], [2, SB], [3, DSP Awareness], [4, DSP Conversão], [5, DSP NTB]]",20,1174,22.953888884838467,0,0.0000,0,0.0,0,0.0000,0,,,,
Path to Conversion by Campaign Groups,2026-01-01,2026-03-31,"[[1, DSP Awareness], [2, DSP NTB], [3, SP], [4, SD], [5, DSP Conversão]]",20,870,15.618568022422266,0,0.0000,0,0.0,0,0.0000,0,,,,
Path to Conversion by Campaign Groups,2026-01-01,2026-03-31,"[[1, SB], [2, SP], [3, DSP Conversão], [4, SD], [5, DSP Awareness], [6, DSP NTB]]",20,2187,33.72448487024946,0,0.0000,0,0.0,0,0.0000,0,,,,
Path to Conversion by Campaign Groups,2026-01-01,2026-03-31,"[[1, DSP NTB], [2, DSP Awareness], [3, DSP Conversão]]",19,975,18.317994970049906,0,0.0000,0,0.0,0,0.0000,0,,,,
Path to Conversion by Campaign Groups,2026-01-01,2026-03-31,"[[1, DSP Consideração], [2, DSP Awareness], [3, SP], [4, SB], [5, DSP NTB], [6, DSP Conversão]]",19,705,3.7625308304071234,0,0.0000,0,0.0,0,0.0000,0,,,,
Path to Conversion by Campaign Groups,2026-01-01,2026-03-31,"[[1, DSP Awareness], [2, SD], [3, SB], [4, SP]]",19,857,15.584807519102087,0,0.0000,0,0.0,0,0.0000,0,,,,
Path to Conversion by Campaign Groups,2026-01-01,2026-03-31,"[[1, SP], [2, DSP Conversão], [3, DSP NTB], [4, SB]]",19,738,10.174197739227035,0,0.0000,0,0.0,0,0.0000,0,,,,
Path to Conversion by Campaign Groups,2026-01-01,2026-03-31,"[[1, DSP Conversão], [2, DSP NTB], [3, DSP Awareness]]",19,393,7.034087616461884,0,0.0000,0,0.0,0,0.0000,0,,,,
Path to Conversion by Campaign Groups,2026-01-01,2026-03-31,"[[1, SP], [2, DSP NTB], [3, DSP Awareness], [4, DSP Conversão]]",19,370,5.878273925118096,0,0.0000,0,0.0,0,0.0000,0,,,,
Path to Conversion by Campaign Groups,2026-01-01,2026-03-31,"[[1, SB SOV], [2, SD], [3, SB]]",19,713,7.639585553986102,0,0.0000,0,0.0,0,0.0000,0,,,,
Path to Conversion by Campaign Groups,2026-01-01,2026-03-31,"[[1, SD], [2, DSP NTB], [3, SP]]",19,600,4.165267120119382,0,0.0000,0,0.0,0,0.0000,0,,,,
Path to Conversion by Campaign Groups,2026-01-01,2026-03-31,"[[1, SB], [2, DSP Conversão], [3, DSP Awareness]]",19,370,3.09612735454294,0,0.0000,0,0.0,0,0.0000,0,,,,
Path to Conversion by Campaign Groups,2026-01-01,2026-03-31,"[[1, DSP Consideração], [2, DSP Awareness], [3, DSP NTB], [4, SP], [5, SB]]",19,1865,31.10193323037806,0,0.0000,0,0.0,0,0.0000,0,,,,
Path to Conversion by Campaign Groups,2026-01-01,2026-03-31,"[[1, DSP NTB], [2, SB], [3, SP], [4, DSP Conversão], [5, DSP Awareness]]",19,719,10.094115938835309,0,0.0000,0,0.0,0,0.0000,0,,,,
Path to Conversion by Campaign Groups,2026-01-01,2026-03-31,"[[1, SD], [2, DSP NTB], [3, DSP Conversão], [4, DSP Awareness], [5, SB], [6, SP], [7, DSP Consideração]]",19,1318,5.418282970367183,0,0.0000,0,0.0,0,0.0000,0,,,,
Path to Conversion by Campaign Groups,2026-01-01,2026-03-31,"[[1, DSP NTB], [2, DSP Awareness], [3, SB]]",19,715,6.45441990551882,0,0.0000,0,0.0,0,0.0000,0,,,,
Path to Conversion by Campaign Groups,2026-01-01,2026-03-31,"[[1, SB], [2, DSP Conversão], [3, SP], [4, DSP Awareness]]",19,1450,15.834788087506638,0,0.0000,0,0.0,0,0.0000,0,,,,
Path to Conversion by Campaign Groups,2026-01-01,2026-03-31,"[[1, DSP NTB], [2, DSP Conversão], [3, SB]]",19,379,3.9506412587416735,0,0.0000,0,0.0,0,0.0000,0,,,,
Path to Conversion by Campaign Groups,2026-01-01,2026-03-31,"[[1, SP], [2, DSP Awareness], [3, SD], [4, SB SOV], [5, SB]]",19,1765,31.42801695271868,0,0.0000,0,0.0,0,0.0000,0,,,,
Path to Conversion by Campaign Groups,2026-01-01,2026-03-31,"[[1, DSP NTB], [2, SD], [3, DSP Awareness], [4, SB], [5, DSP Conversão], [6, SP]]",19,1392,13.356281445611554,0,0.0000,0,0.0,0,0.0000,0,,,,
Path to Conversion by Campaign Groups,2026-01-01,2026-03-31,"[[1, SP], [2, DSP NTB], [3, DSP Consideração], [4, SB]]",19,1098,7.351301540786988,0,0.0000,0,0.0,0,0.0000,0,,,,
Path to Conversion by Campaign Groups,2026-01-01,2026-03-31,"[[1, SB], [2, DSP Conversão], [3, SP], [4, SD]]",19,1295,15.419169014465803,0,0.0000,0,0.0,0,0.0000,0,,,,
Path to Conversion by Campaign Groups,2026-01-01,2026-03-31,"[[1, DSP Consideração], [2, SB], [3, DSP Conversão], [4, DSP NTB], [5, SP], [6, DSP Awareness], [7, SD]]",19,1188,22.02435773819392,0,0.0000,0,0.0,0,0.0000,0,,,,
Path to Conversion by Campaign Groups,2026-01-01,2026-03-31,"[[1, DSP Consideração], [2, SP], [3, DSP Awareness], [4, DSP Conversão], [5, DSP NTB], [6, SB]]",19,1122,10.696091250689221,0,0.0000,0,0.0,0,0.0000,0,,,,
Path to Conversion by Campaign Groups,2026-01-01,2026-03-31,"[[1, SB], [2, SP], [3, DSP Conversão], [4, SB SOV], [5, SD], [6, DSP Awareness], [7, DSP NTB]]",19,575,5.992224466910494,1,174.6475,1,0.0526,0,79.4083,0,0.0,0.0,,
Path to Conversion by Campaign Groups,2026-01-01,2026-03-31,"[[1, DSP Awareness], [2, DSP Conversão], [3, SB], [4, SB SOV]]",18,430,3.7214119048357985,0,0.0000,0,0.0,0,0.0000,0,,,,
Path to Conversion by Campaign Groups,2026-01-01,2026-03-31,"[[1, SP], [2, SD], [3, DSP NTB]]",18,1016,14.792797516010554,0,0.0000,0,0.0,0,0.0000,0,,,,
Path to Conversion by Campaign Groups,2026-01-01,2026-03-31,"[[1, DSP Awareness], [2, DSP Consideração], [3, DSP NTB], [4, SB], [5, SP]]",18,410,7.769190375801483,0,0.0000,0,0.0,0,0.0000,0,,,,
Path to Conversion by Campaign Groups,2026-01-01,2026-03-31,"[[1, SB], [2, SD], [3, DSP Consideração], [4, DSP Conversão], [5, DSP NTB], [6, DSP Awareness]]",18,1201,17.359886564778883,0,0.0000,0,0.0,0,0.0000,0,,,,
Path to Conversion by Campaign Groups,2026-01-01,2026-03-31,"[[1, SP], [2, DSP Conversão], [3, SB], [4, DSP NTB], [5, DSP Awareness], [6, SD], [7, SB SOV]]",18,2250,42.778212058698486,0,0.0000,0,0.0,0,0.0000,0,,,,
Path to Conversion by Campaign Groups,2026-01-01,2026-03-31,"[[1, SP], [2, SB], [3, DSP NTB], [4, DSP Awareness], [5, SD]]",18,478,4.12120169794597,0,0.0000,0,0.0,0,0.0000,0,,,,
Path to Conversion by Campaign Groups,2026-01-01,2026-03-31,"[[1, SP], [2, DSP Consideração], [3, DSP NTB]]",18,304,2.703646405021496,0,0.0000,0,0.0,0,0.0000,0,,,,
Path to Conversion by Campaign Groups,2026-01-01,2026-03-31,"[[1, SB], [2, DSP NTB], [3, DSP Awareness]]",18,239,4.16135865883874,0,0.0000,0,0.0,0,0.0000,0,,,,
Path to Conversion by Campaign Groups,2026-01-01,2026-03-31,"[[1, SB], [2, DSP Conversão], [3, DSP Awareness], [4, SP], [5, DSP NTB], [6, SD]]",18,1828,8.315800388611395,0,0.0000,0,0.0,0,0.0000,0,,,,
Path to Conversion by Campaign Groups,2026-01-01,2026-03-31,"[[1, DSP Conversão], [2, DSP Consideração], [3, SB], [4, SB SOV], [5, SD], [6, DSP NTB], [7, SP], [8, DSP Awareness]]",18,2624,40.53575279743224,0,0.0000,0,0.0,0,0.0000,0,,,,
Path to Conversion by Campaign Groups,2026-01-01,2026-03-31,"[[1, DSP NTB], [2, DSP Conversão], [3, SB], [4, SP], [5, SD]]",18,706,13.485224321260315,0,0.0000,0,0.0,0,0.0000,0,,,,
Path to Conversion by Campaign Groups,2026-01-01,2026-03-31,"[[1, DSP Awareness], [2, DSP Consideração], [3, SD], [4, SP], [5, SB]]",18,808,6.380015178374421,0,0.0000,0,0.0,0,0.0000,0,,,,
Path to Conversion by Campaign Groups,2026-01-01,2026-03-31,"[[1, DSP Awareness], [2, SB], [3, DSP NTB], [4, SD], [5, DSP Conversão], [6, SP]]",18,1884,33.84029510640169,0,0.0000,0,0.0,0,0.0000,0,,,,
Path to Conversion by Campaign Groups,2026-01-01,2026-03-31,"[[1, SP], [2, SD], [3, DSP Awareness], [4, SB], [5, DSP NTB], [6, DSP Conversão], [7, DSP Consideração]]",18,2070,23.449593922971356,0,0.0000,0,0.0,0,0.0000,0,,,,
Path to Conversion by Campaign Groups,2026-01-01,2026-03-31,"[[1, DSP Conversão], [2, SD], [3, SP]]",18,695,5.282666560540354,0,0.0000,0,0.0,0,0.0000,0,,,,
Path to Conversion by Campaign Groups,2026-01-01,2026-03-31,"[[1, DSP Conversão], [2, SB], [3, SP], [4, DSP NTB], [5, DSP Awareness]]",18,1711,10.480911822494969,0,0.0000,0,0.0,0,0.0000,0,,,,
Path to Conversion by Campaign Groups,2026-01-01,2026-03-31,"[[1, SD], [2, SB], [3, DSP Conversão]]",18,750,5.08064404293125,0,0.0000,0,0.0,0,0.0000,0,,,,
Path to Conversion by Campaign Groups,2026-01-01,2026-03-31,"[[1, DSP Consideração], [2, DSP Awareness], [3, SB], [4, DSP Conversão], [5, SP], [6, DSP NTB], [7, SD]]",18,1083,20.0552399699901,0,0.0000,0,0.0,0,0.0000,0,,,,
Path to Conversion by Campaign Groups,2026-01-01,2026-03-31,"[[1, SB], [2, SP], [3, DSP Awareness], [4, DSP Conversão]]",17,1284,13.571480072027159,0,0.0000,0,0.0,0,0.0000,0,,,,
Path to Conversion by Campaign Groups,2026-01-01,2026-03-31,"[[1, SP], [2, DSP Awareness], [3, SB], [4, DSP Conversão]]",17,402,2.4933846201893615,0,0.0000,0,0.0,0,0.0000,0,,,,
Path to Conversion by Campaign Groups,2026-01-01,2026-03-31,"[[1, DSP Consideração], [2, SP], [3, SB], [4, DSP NTB], [5, DSP Awareness]]",17,1703,19.335374066293472,0,0.0000,0,0.0,0,0.0000,0,,,,
Path to Conversion by Campaign Groups,2026-01-01,2026-03-31,"[[1, DSP Awareness], [2, DSP NTB], [3, SP]]",17,587,4.90021931562323,0,0.0000,0,0.0,0,0.0000,0,,,,
Path to Conversion by Campaign Groups,2026-01-01,2026-03-31,"[[1, SB], [2, DSP NTB], [3, SD]]",17,506,5.928967692759832,0,0.0000,0,0.0,0,0.0000,0,,,,
Path to Conversion by Campaign Groups,2026-01-01,2026-03-31,"[[1, DSP Conversão], [2, DSP Consideração], [3, SP], [4, DSP Awareness]]",17,1222,14.572480869243613,0,0.0000,0,0.0,0,0.0000,0,,,,
Path to Conversion by Campaign Groups,2026-01-01,2026-03-31,"[[1, DSP NTB], [2, SP], [3, SD], [4, SB], [5, DSP Conversão]]",17,1239,24.48641485692277,0,0.0000,0,0.0,0,0.0000,0,,,,
Path to Conversion by Campaign Groups,2026-01-01,2026-03-31,"[[1, SD], [2, SP], [3, SB], [4, DSP Conversão], [5, DSP NTB]]",17,721,8.880480931826044,0,0.0000,0,0.0,0,0.0000,0,,,,
Path to Conversion by Campaign Groups,2026-01-01,2026-03-31,"[[1, DSP NTB], [2, SD], [3, SB], [4, DSP Conversão]]",17,802,5.919150662466634,0,0.0000,0,0.0,0,0.0000,0,,,,
Path to Conversion by Campaign Groups,2026-01-01,2026-03-31,"[[1, SB], [2, DSP Awareness], [3, SP], [4, DSP Conversão]]",17,797,11.919711963724087,0,0.0000,0,0.0,0,0.0000,0,,,,
Path to Conversion by Campaign Groups,2026-01-01,2026-03-31,"[[1, DSP Consideração], [2, DSP Conversão], [3, SB], [4, SP]]",17,454,4.668009783830575,0,0.0000,0,0.0,0,0.0000,0,,,,
Path to Conversion by Campaign Groups,2026-01-01,2026-03-31,"[[1, DSP Awareness], [2, DSP Consideração], [3, SB]]",17,368,6.9542099655077845,0,0.0000,0,0.0,0,0.0000,0,,,,
Path to Conversion by Campaign Groups,2026-01-01,2026-03-31,"[[1, SP], [2, DSP Consideração], [3, SD], [4, DSP Awareness], [5, DSP Conversão], [6, DSP NTB], [7, SB]]",17,1769,18.80204629355986,0,0.0000,0,0.0,0,0.0000,0,,,,
Path to Conversion by Campaign Groups,2026-01-01,2026-03-31,"[[1, SP], [2, DSP NTB], [3, SB SOV], [4, SD], [5, DSP Awareness], [6, SB], [7, DSP Conversão]]",17,826,15.349873320210301,0,0.0000,0,0.0,0,0.0000,0,,,,
Path to Conversion by Campaign Groups,2026-01-01,2026-03-31,"[[1, DSP Awareness], [2, SP], [3, SD]]",17,595,5.918701305216543,0,0.0000,0,0.0,0,0.0000,0,,,,
Path to Conversion by Campaign Groups,2026-01-01,2026-03-31,"[[1, SP], [2, DSP Awareness], [3, DSP Conversão], [4, SD]]",17,1135,13.330606784925623,0,0.0000,0,0.0,0,0.0000,0,,,,
Path to Conversion by Campaign Groups,2026-01-01,2026-03-31,"[[1, DSP Awareness], [2, DSP Consideração], [3, SD], [4, SB], [5, DSP Conversão], [6, DSP NTB], [7, SP]]",17,2151,15.837023403093907,0,0.0000,0,0.0,0,0.0000,0,,,,
Path to Conversion by Campaign Groups,2026-01-01,2026-03-31,"[[1, SD], [2, DSP NTB], [3, DSP Conversão], [4, DSP Awareness], [5, SP], [6, SB], [7, DSP Consideração]]",17,752,10.011787016599419,0,0.0000,0,0.0,0,0.0000,0,,,,
Path to Conversion by Campaign Groups,2026-01-01,2026-03-31,"[[1, DSP Awareness], [2, DSP Consideração], [3, SP], [4, SD]]",17,968,18.579572642510843,0,0.0000,0,0.0,0,0.0000,0,,,,
Path to Conversion by Campaign Groups,2026-01-01,2026-03-31,"[[1, DSP Conversão], [2, SD], [3, DSP Awareness], [4, SB], [5, SP]]",17,477,6.419042471967538,0,0.0000,0,0.0,0,0.0000,0,,,,
Path to Conversion by Campaign Groups,2026-01-01,2026-03-31,"[[1, SD], [2, DSP Awareness], [3, SB], [4, DSP Conversão], [5, DSP Consideração], [6, DSP NTB], [7, SP]]",17,1209,19.55879137018057,0,0.0000,0,0.0,0,0.0000,0,,,,
Path to Conversion by Campaign Groups,2026-01-01,2026-03-31,"[[1, SB], [2, SD], [3, DSP Awareness], [4, SP]]",17,458,3.6436377161672584,0,0.0000,0,0.0,0,0.0000,0,,,,
Path to Conversion by Campaign Groups,2026-01-01,2026-03-31,"[[1, SP], [2, SD], [3, SB], [4, DSP Awareness]]",17,469,4.236116030254794,0,0.0000,0,0.0,0,0.0000,0,,,,
Path to Conversion by Campaign Groups,2026-01-01,2026-03-31,"[[1, SP], [2, SB], [3, SD]]",17,292,3.751389267369572,0,0.0000,0,0.0,0,0.0000,0,,,,
Path to Conversion by Campaign Groups,2026-01-01,2026-03-31,"[[1, DSP NTB], [2, SD], [3, SP], [4, SB SOV]]",16,302,4.113410398303882,0,0.0000,0,0.0,0,0.0000,0,,,,
Path to Conversion by Campaign Groups,2026-01-01,2026-03-31,"[[1, DSP Consideração], [2, SP], [3, DSP Conversão]]",16,246,2.625933755409648,0,0.0000,0,0.0,0,0.0000,0,,,,
Path to Conversion by Campaign Groups,2026-01-01,2026-03-31,"[[1, DSP Conversão], [2, DSP NTB], [3, SP], [4, DSP Awareness], [5, SB]]",16,888,11.621688597506628,0,0.0000,0,0.0,0,0.0000,0,,,,
Path to Conversion by Campaign Groups,2026-01-01,2026-03-31,"[[1, SD], [2, DSP Awareness], [3, SB]]",16,713,11.784411727998583,0,0.0000,0,0.0,0,0.0000,0,,,,
Path to Conversion by Campaign Groups,2026-01-01,2026-03-31,"[[1, SP], [2, SB], [3, DSP Conversão]]",16,448,7.073026796589588,0,0.0000,0,0.0,0,0.0000,0,,,,
Path to Conversion by Campaign Groups,2026-01-01,2026-03-31,"[[1, DSP Awareness], [2, SB], [3, DSP NTB], [4, SP]]",16,719,4.233224940175494,0,0.0000,0,0.0,0,0.0000,0,,,,
Path to Conversion by Campaign Groups,2026-01-01,2026-03-31,"[[1, DSP Conversão], [2, DSP NTB], [3, SB]]",16,809,7.544839503469765,0,0.0000,0,0.0,0,0.0000,0,,,,
Path to Conversion by Campaign Groups,2026-01-01,2026-03-31,"[[1, DSP Consideração], [2, SB SOV], [3, DSP NTB], [4, DSP Conversão], [5, SP], [6, SB], [7, DSP Awareness], [8, SD]]",16,1374,16.828022293275712,0,0.0000,0,0.0,0,0.0000,0,,,,
Path to Conversion by Campaign Groups,2026-01-01,2026-03-31,"[[1, SP], [2, DSP Conversão], [3, SB], [4, DSP Awareness], [5, SD]]",16,1418,23.90160481045218,0,0.0000,0,0.0,0,0.0000,0,,,,
Path to Conversion by Campaign Groups,2026-01-01,2026-03-31,"[[1, DSP Conversão], [2, DSP Awareness], [3, DSP NTB], [4, SP]]",16,435,7.925742005907294,0,0.0000,0,0.0,0,0.0000,0,,,,
Path to Conversion by Campaign Groups,2026-01-01,2026-03-31,"[[1, DSP NTB], [2, DSP Consideração], [3, DSP Conversão], [4, SP], [5, DSP Awareness], [6, SB], [7, SD]]",16,1998,18.74433357180774,0,0.0000,0,0.0,0,0.0000,0,,,,
Path to Conversion by Campaign Groups,2026-01-01,2026-03-31,"[[1, SD], [2, DSP Consideração], [3, SP], [4, DSP NTB]]",16,731,8.999367409170755,0,0.0000,0,0.0,0,0.0000,0,,,,
Path to Conversion by Campaign Groups,2026-01-01,2026-03-31,"[[1, DSP Conversão], [2, DSP Consideração], [3, DSP Awareness]]",16,732,6.319993426070728,0,0.0000,0,0.0,0,0.0000,0,,,,
Path to Conversion by Campaign Groups,2026-01-01,2026-03-31,"[[1, SP], [2, DSP NTB], [3, SB]]",16,352,2.8824584187335542,0,0.0000,0,0.0,0,0.0000,0,,,,
Path to Conversion by Campaign Groups,2026-01-01,2026-03-31,"[[1, SP], [2, DSP Conversão], [3, DSP Consideração], [4, DSP NTB], [5, DSP Awareness]]",16,515,6.124611463195602,0,0.0000,0,0.0,0,0.0000,0,,,,
Path to Conversion by Campaign Groups,2026-01-01,2026-03-31,"[[1, DSP NTB], [2, DSP Awareness], [3, DSP Consideração], [4, SB], [5, SP], [6, SD]]",16,1508,9.168741020136562,0,0.0000,0,0.0,0,0.0000,0,,,,
Path to Conversion by Campaign Groups,2026-01-01,2026-03-31,"[[1, DSP NTB], [2, SD], [3, SB], [4, SP], [5, DSP Conversão]]",16,772,7.946351581343477,0,0.0000,0,0.0,0,0.0000,0,,,,
Path to Conversion by Campaign Groups,2026-01-01,2026-03-31,"[[1, DSP Consideração], [2, DSP Awareness], [3, DSP NTB], [4, SB], [5, SP]]",16,1038,15.610138704293284,0,0.0000,0,0.0,0,0.0000,0,,,,
Path to Conversion by Campaign Groups,2026-01-01,2026-03-31,"[[1, SB], [2, SP], [3, SD], [4, DSP Awareness]]",16,404,2.1648545420340004,0,0.0000,0,0.0,0,0.0000,0,,,,
Path to Conversion by Campaign Groups,2026-01-01,2026-03-31,"[[1, DSP Conversão], [2, DSP Awareness], [3, DSP NTB], [4, DSP Consideração], [5, SB], [6, SB SOV], [7, SD], [8, SP]]",16,1981,34.675358468355974,0,0.0000,0,0.0,0,0.0000,0,,,,
Path to Conversion by Campaign Groups,2026-01-01,2026-03-31,"[[1, SD], [2, SB], [3, SB SOV], [4, DSP Awareness], [5, DSP Consideração], [6, DSP NTB], [7, DSP Conversão], [8, SP]]",16,971,13.696759480757096,1,179.7950,1,0.0625,1,101.0245,1,1.0,1.0,,
Path to Conversion by Campaign Groups,2026-01-01,2026-03-31,"[[1, DSP Conversão], [2, SD], [3, SP], [4, SB], [5, DSP NTB], [6, DSP Awareness]]",16,1159,6.497071518422827,0,0.0000,0,0.0,0,0.0000,0,,,,
Path to Conversion by Campaign Groups,2026-01-01,2026-03-31,"[[1, SP], [2, DSP Conversão], [3, DSP NTB], [4, DSP Awareness]]",16,454,2.5974586642237516,0,0.0000,0,0.0,0,0.0000,0,,,,
Path to Conversion by Campaign Groups,2026-01-01,2026-03-31,"[[1, SP], [2, DSP Consideração], [3, DSP Conversão]]",16,494,3.427203094265763,0,0.0000,0,0.0,0,0.0000,0,,,,
Path to Conversion by Campaign Groups,2026-01-01,2026-03-31,"[[1, DSP Consideração], [2, DSP Awareness], [3, SD], [4, DSP Conversão]]",16,1046,5.999500315117675,0,0.0000,0,0.0,0,0.0000,0,,,,
Path to Conversion by Campaign Groups,2026-01-01,2026-03-31,"[[1, DSP Conversão], [2, DSP Awareness], [3, SB], [4, SP]]",16,806,3.5877618677616456,0,0.0000,0,0.0,0,0.0000,0,,,,
Path to Conversion by Campaign Groups,2026-01-01,2026-03-31,"[[1, DSP NTB], [2, SB], [3, DSP Awareness]]",16,951,15.498152553890897,0,0.0000,0,0.0,0,0.0000,0,,,,
Path to Conversion by Campaign Groups,2026-01-01,2026-03-31,"[[1, SP], [2, SD], [3, DSP Awareness]]",16,495,7.540354774037007,0,0.0000,0,0.0,0,0.0000,0,,,,
Path to Conversion by Campaign Groups,2026-01-01,2026-03-31,"[[1, SB], [2, DSP NTB], [3, SP], [4, DSP Conversão]]",16,989,19.62143978480276,0,0.0000,0,0.0,0,0.0000,0,,,,
Path to Conversion by Campaign Groups,2026-01-01,2026-03-31,"[[1, SP], [2, DSP Conversão], [3, SD], [4, DSP Consideração], [5, DSP Awareness], [6, SB], [7, DSP NTB]]",16,1108,9.389737389661944,0,0.0000,0,0.0,0,0.0000,0,,,,
Path to Conversion by Campaign Groups,2026-01-01,2026-03-31,"[[1, DSP NTB], [2, DSP Awareness], [3, SP]]",16,552,9.45665275245326,0,0.0000,0,0.0,0,0.0000,0,,,,
Path to Conversion by Campaign Groups,2026-01-01,2026-03-31,"[[1, DSP NTB], [2, DSP Consideração], [3, DSP Conversão], [4, SB], [5, DSP Awareness], [6, SP]]",16,1536,12.89408452242054,0,0.0000,0,0.0,0,0.0000,0,,,,
Path to Conversion by Campaign Groups,2026-01-01,2026-03-31,"[[1, SB SOV], [2, DSP Conversão], [3, DSP Awareness], [4, DSP Consideração], [5, DSP NTB], [6, SD], [7, SP], [8, SB]]",16,877,7.951938016268467,0,0.0000,0,0.0,0,0.0000,0,,,,
Path to Conversion by Campaign Groups,2026-01-01,2026-03-31,"[[1, DSP NTB], [2, SB], [3, SP], [4, DSP Awareness]]",15,806,14.398715011977458,0,0.0000,0,0.0,0,0.0000,0,,,,
Path to Conversion by Campaign Groups,2026-01-01,2026-03-31,"[[1, SP], [2, SB], [3, DSP Awareness]]",15,453,6.792059771140931,0,0.0000,0,0.0,0,0.0000,0,,,,
Path to Conversion by Campaign Groups,2026-01-01,2026-03-31,"[[1, SD], [2, DSP Awareness], [3, SB], [4, SP]]",15,921,16.422149931377206,0,0.0000,0,0.0,0,0.0000,0,,,,
Path to Conversion by Campaign Groups,2026-01-01,2026-03-31,"[[1, SB SOV], [2, SB], [3, SP], [4, SD]]",15,608,6.607778938454483,0,0.0000,0,0.0,0,0.0000,0,,,,
Path to Conversion by Campaign Groups,2026-01-01,2026-03-31,"[[1, DSP NTB], [2, SB], [3, SP], [4, DSP Awareness], [5, DSP Conversão]]",15,1357,27.037435095851556,0,0.0000,0,0.0,0,0.0000,0,,,,
Path to Conversion by Campaign Groups,2026-01-01,2026-03-31,"[[1, SD], [2, DSP NTB], [3, DSP Awareness], [4, SP], [5, DSP Consideração], [6, SB], [7, DSP Conversão]]",15,1448,22.533451808004063,0,0.0000,0,0.0,0,0.0000,0,,,,
Path to Conversion by Campaign Groups,2026-01-01,2026-03-31,"[[1, SD], [2, DSP NTB], [3, SP], [4, DSP Awareness], [5, DSP Conversão], [6, DSP Consideração], [7, SB SOV], [8, SB]]",15,1575,27.841951312280496,0,0.0000,0,0.0,0,0.0000,0,,,,
Path to Conversion by Campaign Groups,2026-01-01,2026-03-31,"[[1, DSP NTB], [2, DSP Conversão], [3, SB], [4, SP], [5, SB SOV], [6, SD], [7, DSP Consideração], [8, DSP Awareness]]",15,1229,8.787319573469317,0,0.0000,0,0.0,0,0.0000,0,,,,
Path to Conversion by Campaign Groups,2026-01-01,2026-03-31,"[[1, DSP Awareness], [2, SD], [3, SP]]",15,238,1.3552581989625498,0,0.0000,0,0.0,0,0.0000,0,,,,
Path to Conversion by Campaign Groups,2026-01-01,2026-03-31,"[[1, SB], [2, DSP NTB], [3, DSP Awareness], [4, SD]]",15,652,6.536865009092622,0,0.0000,0,0.0,0,0.0000,0,,,,
Path to Conversion by Campaign Groups,2026-01-01,2026-03-31,"[[1, DSP Conversão], [2, DSP Awareness], [3, DSP Consideração]]",15,325,3.6933053024185423,0,0.0000,0,0.0,0,0.0000,0,,,,
Path to Conversion by Campaign Groups,2026-01-01,2026-03-31,"[[1, SD], [2, DSP Conversão], [3, DSP NTB], [4, SB]]",15,1190,11.248448213411109,0,0.0000,0,0.0,0,0.0000,0,,,,
Path to Conversion by Campaign Groups,2026-01-01,2026-03-31,"[[1, SP], [2, DSP Awareness], [3, DSP Conversão], [4, DSP NTB]]",15,1200,23.404933594923623,0,0.0000,0,0.0,0,0.0000,0,,,,
Path to Conversion by Campaign Groups,2026-01-01,2026-03-31,"[[1, SD], [2, DSP Conversão], [3, SP]]",15,720,7.641628891087369,0,0.0000,0,0.0,0,0.0000,0,,,,
Path to Conversion by Campaign Groups,2026-01-01,2026-03-31,"[[1, SP], [2, SD], [3, DSP NTB], [4, SB]]",15,383,5.007451517671468,0,0.0000,0,0.0,0,0.0000,0,,,,
Path to Conversion by Campaign Groups,2026-01-01,2026-03-31,"[[1, SB], [2, SP], [3, DSP NTB]]",15,734,3.1093902576639727,0,0.0000,0,0.0,0,0.0000,0,,,,
Path to Conversion by Campaign Groups,2026-01-01,2026-03-31,"[[1, DSP Conversão], [2, DSP Consideração], [3, SB], [4, DSP NTB], [5, SP]]",15,904,12.152040408178756,0,0.0000,0,0.0,0,0.0000,0,,,,
Path to Conversion by Campaign Groups,2026-01-01,2026-03-31,"[[1, DSP NTB], [2, DSP Conversão], [3, SP], [4, SD], [5, DSP Consideração], [6, SB], [7, SB SOV], [8, DSP Awareness]]",15,1705,7.721738793152426,0,0.0000,0,0.0,0,0.0000,0,,,,
Path to Conversion by Campaign Groups,2026-01-01,2026-03-31,"[[1, SB], [2, SD], [3, DSP Awareness]]",15,514,7.04597460556828,0,0.0000,0,0.0,0,0.0000,0,,,,
Path to Conversion by Campaign Groups,2026-01-01,2026-03-31,"[[1, DSP Conversão], [2, SB SOV], [3, SB], [4, SD], [5, SP]]",15,338,2.6419791702896047,0,0.0000,0,0.0,0,0.0000,0,,,,
Path to Conversion by Campaign Groups,2026-01-01,2026-03-31,"[[1, DSP Consideração], [2, SB SOV], [3, SB], [4, DSP NTB], [5, SD], [6, SP], [7, DSP Conversão], [8, DSP Awareness]]",15,1716,23.508736032688308,0,0.0000,0,0.0,0,0.0000,0,,,,
Path to Conversion by Campaign Groups,2026-01-01,2026-03-31,"[[1, SB], [2, DSP Conversão], [3, SP], [4, DSP NTB]]",15,303,1.932032083063671,0,0.0000,0,0.0,0,0.0000,0,,,,
Path to Conversion by Campaign Groups,2026-01-01,2026-03-31,"[[1, SB], [2, SD], [3, DSP Awareness], [4, DSP NTB], [5, SP]]",15,977,11.002168347282904,0,0.0000,0,0.0,0,0.0000,0,,,,
Path to Conversion by Campaign Groups,2026-01-01,2026-03-31,"[[1, DSP Awareness], [2, SB], [3, SD], [4, DSP Conversão], [5, SP]]",15,474,7.928058537001459,0,0.0000,0,0.0,0,0.0000,0,,,,
Path to Conversion by Campaign Groups,2026-01-01,2026-03-31,"[[1, DSP Conversão], [2, SP], [3, DSP Consideração]]",15,626,5.063888442715871,0,0.0000,0,0.0,0,0.0000,0,,,,
Path to Conversion by Campaign Groups,2026-01-01,2026-03-31,"[[1, DSP NTB], [2, DSP Consideração], [3, SD], [4, SB]]",15,602,10.841495816797803,0,0.0000,0,0.0,0,0.0000,0,,,,
Path to Conversion by Campaign Groups,2026-01-01,2026-03-31,"[[1, DSP Consideração], [2, SP], [3, SB], [4, SD], [5, DSP Awareness], [6, DSP NTB]]",15,1660,13.009016193867946,0,0.0000,0,0.0,0,0.0000,0,,,,
Path to Conversion by Campaign Groups,2026-01-01,2026-03-31,"[[1, DSP NTB], [2, SD], [3, SB], [4, SP]]",15,1041,12.636985964577494,0,0.0000,0,0.0,0,0.0000,0,,,,
Path to Conversion by Campaign Groups,2026-01-01,2026-03-31,"[[1, SB], [2, SD], [3, DSP NTB], [4, DSP Conversão], [5, SP]]",15,1273,12.368770357481607,0,0.0000,0,0.0,0,0.0000,0,,,,
Path to Conversion by Campaign Groups,2026-01-01,2026-03-31,"[[1, SD], [2, DSP Consideração], [3, DSP NTB], [4, DSP Awareness], [5, SB], [6, SP], [7, DSP Conversão]]",14,1290,18.389941588078344,0,0.0000,0,0.0,0,0.0000,0,,,,
Path to Conversion by Campaign Groups,2026-01-01,2026-03-31,"[[1, SD], [2, SB], [3, SP], [4, DSP NTB]]",14,1052,20.02312111110025,0,0.0000,0,0.0,0,0.0000,0,,,,
Path to Conversion by Campaign Groups,2026-01-01,2026-03-31,"[[1, SD], [2, SB], [3, SP]]",14,848,8.935378829318022,0,0.0000,0,0.0,0,0.0000,0,,,,
Path to Conversion by Campaign Groups,2026-01-01,2026-03-31,"[[1, SB], [2, SD], [3, DSP Conversão], [4, DSP Awareness], [5, DSP NTB]]",14,1340,8.02050620328376,0,0.0000,0,0.0,0,0.0000,0,,,,
Path to Conversion by Campaign Groups,2026-01-01,2026-03-31,"[[1, DSP Awareness], [2, SB], [3, SP]]",14,323,2.938693408513251,0,0.0000,0,0.0,0,0.0000,0,,,,
Path to Conversion by Campaign Groups,2026-01-01,2026-03-31,"[[1, SP], [2, SD], [3, DSP NTB], [4, DSP Awareness]]",14,953,8.922402355449643,0,0.0000,0,0.0,0,0.0000,0,,,,
Path to Conversion by Campaign Groups,2026-01-01,2026-03-31,"[[1, DSP Conversão], [2, DSP NTB], [3, SB], [4, SP]]",14,1016,5.057146146879391,0,0.0000,0,0.0,0,0.0000,0,,,,
Path to Conversion by Campaign Groups,2026-01-01,2026-03-31,"[[1, DSP Conversão], [2, DSP NTB], [3, SP]]",14,425,2.732430734202663,0,0.0000,0,0.0,0,0.0000,0,,,,
Path to Conversion by Campaign Groups,2026-01-01,2026-03-31,"[[1, DSP NTB], [2, DSP Conversão], [3, SD]]",14,605,6.800208603177844,0,0.0000,0,0.0,0,0.0000,0,,,,
Path to Conversion by Campaign Groups,2026-01-01,2026-03-31,"[[1, SD], [2, DSP NTB], [3, SP], [4, DSP Conversão], [5, DSP Awareness]]",14,1168,16.549030891142493,0,0.0000,0,0.0,0,0.0000,0,,,,
Path to Conversion by Campaign Groups,2026-01-01,2026-03-31,"[[1, DSP Awareness], [2, DSP Consideração], [3, SB], [4, SD], [5, DSP NTB], [6, SP]]",14,809,14.846452934633593,0,0.0000,0,0.0,0,0.0000,0,,,,
Path to Conversion by Campaign Groups,2026-01-01,2026-03-31,"[[1, DSP Awareness], [2, SP], [3, SB]]",14,599,11.46678770325981,0,0.0000,0,0.0,0,0.0000,0,,,,
Path to Conversion by Campaign Groups,2026-01-01,2026-03-31,"[[1, SD], [2, SB], [3, DSP NTB]]",14,482,8.785713990291029,0,0.0000,0,0.0,0,0.0000,0,,,,
Path to Conversion by Campaign Groups,2026-01-01,2026-03-31,"[[1, DSP Conversão], [2, DSP NTB], [3, DSP Awareness], [4, SP], [5, SB], [6, SB SOV]]",14,855,3.7887024488098393,0,0.0000,0,0.0,0,0.0000,0,,,,
Path to Conversion by Campaign Groups,2026-01-01,2026-03-31,"[[1, SP], [2, DSP Conversão], [3, SB], [4, DSP NTB], [5, DSP Awareness], [6, SD]]",14,845,7.983302048780607,0,0.0000,0,0.0,0,0.0000,0,,,,
Path to Conversion by Campaign Groups,2026-01-01,2026-03-31,"[[1, DSP Awareness], [2, DSP NTB], [3, DSP Conversão], [4, SP], [5, DSP Consideração], [6, SD], [7, SB]]",14,868,12.181279514339828,0,0.0000,0,0.0,0,0.0000,0,,,,
Path to Conversion by Campaign Groups,2026-01-01,2026-03-31,"[[1, DSP Consideração], [2, DSP Awareness], [3, DSP NTB], [4, DSP Conversão]]",14,689,10.719835759942374,0,0.0000,0,0.0,0,0.0000,0,,,,
Path to Conversion by Campaign Groups,2026-01-01,2026-03-31,"[[1, DSP Conversão], [2, DSP Awareness], [3, DSP NTB], [4, SD], [5, SP]]",14,598,7.927782546519101,0,0.0000,0,0.0,0,0.0000,0,,,,
Path to Conversion by Campaign Groups,2026-01-01,2026-03-31,"[[1, SP], [2, SD], [3, DSP NTB], [4, DSP Conversão]]",14,391,6.12111915015528,0,0.0000,0,0.0,0,0.0000,0,,,,
Path to Conversion by Campaign Groups,2026-01-01,2026-03-31,"[[1, DSP Awareness], [2, SB], [3, SD], [4, DSP NTB], [5, DSP Conversão], [6, SP]]",14,1110,16.87216727320202,0,0.0000,0,0.0,0,0.0000,0,,,,
Path to Conversion by Campaign Groups,2026-01-01,2026-03-31,"[[1, SP], [2, DSP NTB], [3, DSP Conversão]]",14,377,4.7766426150826256,0,0.0000,0,0.0,0,0.0000,0,,,,
Path to Conversion by Campaign Groups,2026-01-01,2026-03-31,"[[1, SD], [2, DSP Conversão], [3, SP], [4, SB], [5, SB SOV], [6, DSP NTB]]",14,1026,17.15410607736628,0,0.0000,0,0.0,0,0.0000,0,,,,
Path to Conversion by Campaign Groups,2026-01-01,2026-03-31,"[[1, DSP Awareness], [2, DSP NTB], [3, SB SOV], [4, SB], [5, DSP Conversão], [6, SD], [7, SP]]",14,1314,12.868246670310926,0,0.0000,0,0.0,0,0.0000,0,,,,
Path to Conversion by Campaign Groups,2026-01-01,2026-03-31,"[[1, SD], [2, SB], [3, DSP Conversão], [4, DSP Consideração], [5, DSP Awareness], [6, SP], [7, DSP NTB]]",14,1559,22.913649380654128,0,0.0000,0,0.0,0,0.0000,0,,,,
Path to Conversion by Campaign Groups,2026-01-01,2026-03-31,"[[1, SB], [2, SD], [3, DSP Consideração], [4, SP], [5, DSP Conversão], [6, SB SOV], [7, DSP Awareness], [8, DSP NTB]]",14,1624,26.826166441595316,1,90.0400,1,0.0714,1,53.8625,1,1.0,1.0,,
Path to Conversion by Campaign Groups,2026-01-01,2026-03-31,"[[1, SD], [2, DSP Conversão], [3, SP], [4, DSP NTB]]",14,866,11.77265442147552,0,0.0000,0,0.0,0,0.0000,0,,,,
Path to Conversion by Campaign Groups,2026-01-01,2026-03-31,"[[1, SP], [2, SD], [3, DSP NTB], [4, DSP Conversão], [5, SB]]",14,1102,12.190986218088343,0,0.0000,0,0.0,0,0.0000,0,,,,
Path to Conversion by Campaign Groups,2026-01-01,2026-03-31,"[[1, SP], [2, DSP Consideração], [3, SB], [4, DSP NTB], [5, DSP Awareness], [6, DSP Conversão], [7, SD]]",14,1714,31.82247227291912,0,0.0000,0,0.0,0,0.0000,0,,,,
Path to Conversion by Campaign Groups,2026-01-01,2026-03-31,"[[1, DSP Conversão], [2, DSP NTB], [3, SP], [4, DSP Awareness]]",14,318,5.1820323447495245,0,0.0000,0,0.0,0,0.0000,0,,,,
Path to Conversion by Campaign Groups,2026-01-01,2026-03-31,"[[1, SB], [2, DSP Conversão], [3, DSP Awareness], [4, SB SOV], [5, DSP NTB], [6, SP]]",14,964,18.449750588819114,0,0.0000,0,0.0,0,0.0000,0,,,,
Path to Conversion by Campaign Groups,2026-01-01,2026-03-31,"[[1, DSP NTB], [2, DSP Awareness], [3, SB], [4, SD], [5, DSP Conversão]]",14,1017,8.716132553713372,0,0.0000,0,0.0,0,0.0000,0,,,,
Path to Conversion by Campaign Groups,2026-01-01,2026-03-31,"[[1, SB SOV], [2, DSP Conversão], [3, DSP NTB], [4, DSP Awareness], [5, SP], [6, SD], [7, SB]]",14,1104,18.639565941895256,0,0.0000,0,0.0,0,0.0000,0,,,,
Path to Conversion by Campaign Groups,2026-01-01,2026-03-31,"[[1, DSP Awareness], [2, DSP NTB], [3, DSP Conversão], [4, SP]]",14,528,9.418250110880026,0,0.0000,0,0.0,0,0.0000,0,,,,
Path to Conversion by Campaign Groups,2026-01-01,2026-03-31,"[[1, SP], [2, DSP Awareness], [3, DSP NTB], [4, DSP Conversão]]",13,438,3.17117172687182,0,0.0000,0,0.0,0,0.0000,0,,,,
Path to Conversion by Campaign Groups,2026-01-01,2026-03-31,"[[1, DSP NTB], [2, SP], [3, SB], [4, DSP Conversão]]",13,474,3.4581890237376087,0,0.0000,0,0.0,0,0.0000,0,,,,
Path to Conversion by Campaign Groups,2026-01-01,2026-03-31,"[[1, DSP Conversão], [2, SB], [3, DSP NTB], [4, SP], [5, SD], [6, DSP Consideração]]",13,701,8.494073609754352,0,0.0000,0,0.0,0,0.0000,0,,,,
Path to Conversion by Campaign Groups,2026-01-01,2026-03-31,"[[1, SB], [2, DSP Conversão], [3, DSP Awareness], [4, DSP NTB]]",13,936,9.768713929657533,0,0.0000,0,0.0,0,0.0000,0,,,,
Path to Conversion by Campaign Groups,2026-01-01,2026-03-31,"[[1, DSP Awareness], [2, DSP NTB], [3, DSP Conversão], [4, SP], [5, SB]]",13,1181,13.65039165835134,0,0.0000,0,0.0,0,0.0000,0,,,,
Path to Conversion by Campaign Groups,2026-01-01,2026-03-31,"[[1, SP], [2, DSP Consideração], [3, SB], [4, DSP NTB]]",13,1042,6.443480422537628,0,0.0000,0,0.0,0,0.0000,0,,,,
Path to Conversion by Campaign Groups,2026-01-01,2026-03-31,"[[1, DSP Awareness], [2, DSP Conversão], [3, SP], [4, SB]]",13,792,14.417660145811213,0,0.0000,0,0.0,0,0.0000,0,,,,
Path to Conversion by Campaign Groups,2026-01-01,2026-03-31,"[[1, DSP NTB], [2, SP], [3, SB], [4, DSP Awareness], [5, SD], [6, DSP Conversão]]",13,819,5.272356232927597,0,0.0000,0,0.0,0,0.0000,0,,,,
Path to Conversion by Campaign Groups,2026-01-01,2026-03-31,"[[1, SB], [2, SD], [3, SP], [4, DSP Conversão], [5, DSP Awareness]]",13,1093,14.343261246841982,0,0.0000,0,0.0,0,0.0000,0,,,,
Path to Conversion by Campaign Groups,2026-01-01,2026-03-31,"[[1, SP], [2, DSP NTB], [3, DSP Conversão], [4, DSP Awareness]]",13,677,3.803266266921602,0,0.0000,0,0.0,0,0.0000,0,,,,
Path to Conversion by Campaign Groups,2026-01-01,2026-03-31,"[[1, DSP NTB], [2, DSP Consideração], [3, DSP Conversão], [4, SB]]",13,479,2.4778907740771956,0,0.0000,0,0.0,0,0.0000,0,,,,
Path to Conversion by Campaign Groups,2026-01-01,2026-03-31,"[[1, SP], [2, DSP NTB], [3, SD], [4, SB], [5, DSP Conversão], [6, DSP Awareness]]",13,644,10.605311609391324,0,0.0000,0,0.0,0,0.0000,0,,,,
Path to Conversion by Campaign Groups,2026-01-01,2026-03-31,"[[1, DSP Conversão], [2, SB SOV], [3, SB], [4, DSP Consideração], [5, DSP Awareness], [6, SD], [7, DSP NTB], [8, SP]]",13,666,8.712508334670293,0,0.0000,0,0.0,0,0.0000,0,,,,
Path to Conversion by Campaign Groups,2026-01-01,2026-03-31,"[[1, DSP Awareness], [2, SP], [3, DSP Consideração], [4, DSP NTB]]",13,983,6.360084466777667,0,0.0000,0,0.0,0,0.0000,0,,,,
Path to Conversion by Campaign Groups,2026-01-01,2026-03-31,"[[1, DSP Conversão], [2, SB], [3, SP], [4, SD]]",13,463,6.735199393882168,0,0.0000,0,0.0,0,0.0000,0,,,,
Path to Conversion by Campaign Groups,2026-01-01,2026-03-31,"[[1, DSP Awareness], [2, DSP Conversão], [3, SP], [4, DSP NTB]]",13,248,1.5863384052536182,0,0.0000,0,0.0,0,0.0000,0,,,,
Path to Conversion by Campaign Groups,2026-01-01,2026-03-31,"[[1, DSP Awareness], [2, SD], [3, SP], [4, SB SOV], [5, DSP Conversão], [6, SB], [7, DSP NTB], [8, DSP Consideração]]",13,868,15.15730289490587,0,0.0000,0,0.0,0,0.0000,0,,,,
Path to Conversion by Campaign Groups,2026-01-01,2026-03-31,"[[1, SP], [2, SB], [3, SD], [4, DSP Awareness], [5, DSP Conversão], [6, DSP Consideração], [7, DSP NTB]]",13,1398,7.451421624682316,0,0.0000,0,0.0,0,0.0000,0,,,,
Path to Conversion by Campaign Groups,2026-01-01,2026-03-31,"[[1, SD], [2, SB], [3, DSP Conversão], [4, SP]]",13,486,5.503407739860684,0,0.0000,0,0.0,0,0.0000,0,,,,
Path to Conversion by Campaign Groups,2026-01-01,2026-03-31,"[[1, SB], [2, DSP Consideração], [3, DSP Awareness], [4, SP], [5, DSP Conversão]]",13,1105,15.305340688799497,0,0.0000,0,0.0,0,0.0000,0,,,,
Path to Conversion by Campaign Groups,2026-01-01,2026-03-31,"[[1, DSP Conversão], [2, DSP NTB], [3, DSP Awareness], [4, SP], [5, SD]]",13,298,5.1734019733430685,0,0.0000,0,0.0,0,0.0000,0,,,,
Path to Conversion by Campaign Groups,2026-01-01,2026-03-31,"[[1, DSP Awareness], [2, SB], [3, DSP Conversão], [4, SD], [5, DSP NTB], [6, SP]]",13,1069,11.677026352681105,0,0.0000,0,0.0,0,0.0000,0,,,,
Path to Conversion by Campaign Groups,2026-01-01,2026-03-31,"[[1, DSP NTB], [2, SP], [3, SB], [4, SD], [5, DSP Awareness]]",13,538,5.113358473908008,0,0.0000,0,0.0,0,0.0000,0,,,,
Path to Conversion by Campaign Groups,2026-01-01,2026-03-31,"[[1, SD], [2, SB], [3, SP], [4, DSP Conversão]]",13,812,10.196586604705914,0,0.0000,0,0.0,0,0.0000,0,,,,
Path to Conversion by Campaign Groups,2026-01-01,2026-03-31,"[[1, SP], [2, DSP Conversão], [3, SD], [4, DSP NTB], [5, SB], [6, DSP Awareness]]",13,1485,11.074360638875405,0,0.0000,0,0.0,0,0.0000,0,,,,
Path to Conversion by Campaign Groups,2026-01-01,2026-03-31,"[[1, SP], [2, DSP Conversão], [3, SD], [4, DSP Awareness], [5, DSP NTB]]",13,622,6.596499476516899,0,0.0000,0,0.0,0,0.0000,0,,,,
Path to Conversion by Campaign Groups,2026-01-01,2026-03-31,"[[1, SP], [2, DSP Consideração], [3, SD], [4, DSP Awareness], [5, DSP Conversão]]",13,1103,4.5576776385505475,0,0.0000,0,0.0,0,0.0000,0,,,,
Path to Conversion by Campaign Groups,2026-01-01,2026-03-31,"[[1, DSP NTB], [2, DSP Awareness], [3, SP], [4, DSP Conversão], [5, SB], [6, SD]]",13,1096,15.898825949349193,0,0.0000,0,0.0,0,0.0000,0,,,,
Path to Conversion by Campaign Groups,2026-01-01,2026-03-31,"[[1, DSP NTB], [2, SD], [3, SP], [4, DSP Consideração], [5, SB], [6, DSP Conversão]]",13,834,15.660052383167159,0,0.0000,0,0.0,0,0.0000,0,,,,
Path to Conversion by Campaign Groups,2026-01-01,2026-03-31,"[[1, SP], [2, DSP Awareness], [3, SD], [4, SB], [5, DSP NTB]]",13,1036,9.248660460649452,0,0.0000,0,0.0,0,0.0000,0,,,,
Path to Conversion by Campaign Groups,2026-01-01,2026-03-31,"[[1, SD], [2, SP], [3, DSP NTB], [4, DSP Conversão], [5, DSP Consideração], [6, DSP Awareness], [7, SB]]",13,392,3.726274950147866,0,0.0000,0,0.0,0,0.0000,0,,,,
Path to Conversion by Campaign Groups,2026-01-01,2026-03-31,"[[1, DSP Awareness], [2, DSP Consideração], [3, SD], [4, DSP NTB], [5, SP], [6, DSP Conversão], [7, SB]]",13,868,4.666558958963005,0,0.0000,0,0.0,0,0.0000,0,,,,
Path to Conversion by Campaign Groups,2026-01-01,2026-03-31,"[[1, DSP Conversão], [2, DSP Consideração], [3, SP], [4, DSP Awareness], [5, SB]]",13,1185,23.02158924980279,0,0.0000,0,0.0,0,0.0000,0,,,,
Path to Conversion by Campaign Groups,2026-01-01,2026-03-31,"[[1, SP], [2, DSP Awareness], [3, DSP NTB], [4, SD], [5, SB], [6, DSP Conversão], [7, SB SOV]]",13,1096,16.285781418078123,0,0.0000,0,0.0,0,0.0000,0,,,,
Path to Conversion by Campaign Groups,2026-01-01,2026-03-31,"[[1, DSP Conversão], [2, SP], [3, DSP NTB], [4, SB SOV]]",13,703,7.293690170784166,0,0.0000,0,0.0,0,0.0000,0,,,,
Path to Conversion by Campaign Groups,2026-01-01,2026-03-31,"[[1, DSP NTB], [2, SB], [3, SD], [4, DSP Awareness], [5, DSP Consideração], [6, DSP Conversão], [7, SP]]",13,1503,15.000658452017055,0,0.0000,0,0.0,0,0.0000,0,,,,
Path to Conversion by Campaign Groups,2026-01-01,2026-03-31,"[[1, SD], [2, SB], [3, DSP NTB], [4, SP], [5, DSP Awareness]]",13,339,3.605200050950512,0,0.0000,0,0.0,0,0.0000,0,,,,
Path to Conversion by Campaign Groups,2026-01-01,2026-03-31,"[[1, DSP Conversão], [2, DSP NTB], [3, SP], [4, SB SOV], [5, SB]]",13,820,9.102319436928857,0,0.0000,0,0.0,0,0.0000,0,,,,
Path to Conversion by Campaign Groups,2026-01-01,2026-03-31,"[[1, DSP Awareness], [2, DSP Consideração], [3, SD], [4, DSP NTB], [5, SB], [6, DSP Conversão], [7, SB SOV], [8, SP]]",13,1602,13.126127941435609,0,0.0000,0,0.0,0,0.0000,0,,,,
Path to Conversion by Campaign Groups,2026-01-01,2026-03-31,"[[1, DSP Consideração], [2, DSP Conversão], [3, DSP NTB], [4, DSP Awareness], [5, SP], [6, SD], [7, SB], [8, SB SOV]]",13,1848,18.86412713387594,0,0.0000,0,0.0,0,0.0000,0,,,,
Path to Conversion by Campaign Groups,2026-01-01,2026-03-31,"[[1, DSP Consideração], [2, DSP NTB], [3, SB SOV], [4, DSP Conversão], [5, SP], [6, SD], [7, SB], [8, DSP Awareness]]",13,572,4.406792298874242,0,0.0000,0,0.0,0,0.0000,0,,,,
Path to Conversion by Campaign Groups,2026-01-01,2026-03-31,"[[1, DSP Awareness], [2, DSP Conversão], [3, SB], [4, DSP NTB], [5, SP], [6, SD]]",13,532,9.042576807942526,0,0.0000,0,0.0,0,0.0000,0,,,,
Path to Conversion by Campaign Groups,2026-01-01,2026-03-31,"[[1, SP], [2, SB], [3, DSP Awareness], [4, DSP NTB]]",12,603,8.340191102513753,0,0.0000,0,0.0,0,0.0000,0,,,,
Path to Conversion by Campaign Groups,2026-01-01,2026-03-31,"[[1, DSP NTB], [2, DSP Conversão], [3, SP], [4, SB]]",12,273,2.0817144323389303,0,0.0000,0,0.0,0,0.0000,0,,,,
Path to Conversion by Campaign Groups,2026-01-01,2026-03-31,"[[1, SP], [2, DSP NTB], [3, DSP Awareness], [4, SB], [5, DSP Conversão]]",12,448,5.832819151304482,0,0.0000,0,0.0,0,0.0000,0,,,,
Path to Conversion by Campaign Groups,2026-01-01,2026-03-31,"[[1, DSP NTB], [2, SB], [3, SP], [4, SD]]",12,562,9.770759867926829,0,0.0000,0,0.0,0,0.0000,0,,,,
Path to Conversion by Campaign Groups,2026-01-01,2026-03-31,"[[1, SB], [2, SD], [3, SP], [4, DSP Conversão], [5, DSP Awareness], [6, DSP NTB]]",12,1193,12.211826023394199,0,0.0000,0,0.0,0,0.0000,0,,,,
Path to Conversion by Campaign Groups,2026-01-01,2026-03-31,"[[1, DSP Awareness], [2, DSP NTB], [3, SB], [4, SP], [5, DSP Conversão]]",12,1022,8.254562977299482,0,0.0000,0,0.0,0,0.0000,0,,,,
Path to Conversion by Campaign Groups,2026-01-01,2026-03-31,"[[1, DSP NTB], [2, SB], [3, DSP Conversão], [4, SP]]",12,671,8.669565085225784,0,0.0000,0,0.0,0,0.0000,0,,,,
Path to Conversion by Campaign Groups,2026-01-01,2026-03-31,"[[1, SB SOV], [2, DSP NTB], [3, SB], [4, SP], [5, DSP Conversão], [6, DSP Awareness]]",12,578,11.417692355730296,0,0.0000,0,0.0,0,0.0000,0,,,,
Path to Conversion by Campaign Groups,2026-01-01,2026-03-31,"[[1, DSP Awareness], [2, DSP NTB], [3, SP], [4, DSP Conversão]]",12,715,14.030406363655375,0,0.0000,0,0.0,0,0.0000,0,,,,
Path to Conversion by Campaign Groups,2026-01-01,2026-03-31,"[[1, DSP Consideração], [2, SB], [3, SP], [4, DSP Awareness]]",12,941,15.138912750038577,0,0.0000,0,0.0,0,0.0000,0,,,,
Path to Conversion by Campaign Groups,2026-01-01,2026-03-31,"[[1, SB], [2, DSP Awareness], [3, DSP NTB], [4, SP], [5, DSP Conversão], [6, SD]]",12,1082,12.735892251497111,0,0.0000,0,0.0,0,0.0000,0,,,,
Path to Conversion by Campaign Groups,2026-01-01,2026-03-31,"[[1, SD], [2, DSP NTB], [3, DSP Awareness], [4, DSP Conversão], [5, SP], [6, SB]]",12,937,8.51334366392301,0,0.0000,0,0.0,0,0.0000,0,,,,
Path to Conversion by Campaign Groups,2026-01-01,2026-03-31,"[[1, DSP Consideração], [2, SD], [3, DSP Conversão], [4, SB], [5, DSP Awareness], [6, DSP NTB], [7, SP]]",12,1328,5.864660882030586,0,0.0000,0,0.0,0,0.0000,0,,,,
Path to Conversion by Campaign Groups,2026-01-01,2026-03-31,"[[1, SB], [2, DSP Awareness], [3, DSP Conversão], [4, SP], [5, DSP NTB]]",12,1211,8.044193013640875,0,0.0000,0,0.0,0,0.0000,0,,,,
Path to Conversion by Campaign Groups,2026-01-01,2026-03-31,"[[1, DSP NTB], [2, DSP Consideração], [3, SB], [4, SB SOV], [5, DSP Conversão], [6, DSP Awareness], [7, SD], [8, SP]]",12,442,4.1466786214960045,0,0.0000,0,0.0,0,0.0000,0,,,,
Path to Conversion by Campaign Groups,2026-01-01,2026-03-31,"[[1, DSP Awareness], [2, SB], [3, DSP Conversão], [4, DSP NTB]]",12,420,7.180816266341402,0,0.0000,0,0.0,0,0.0000,0,,,,
Path to Conversion by Campaign Groups,2026-01-01,2026-03-31,"[[1, DSP Conversão], [2, SB], [3, DSP Consideração], [4, DSP Awareness]]",12,429,8.188307710108864,0,0.0000,0,0.0,0,0.0000,0,,,,
Path to Conversion by Campaign Groups,2026-01-01,2026-03-31,"[[1, DSP Awareness], [2, SD], [3, SB], [4, SP], [5, DSP Conversão]]",12,697,11.543753227599892,0,0.0000,0,0.0,0,0.0000,0,,,,
Path to Conversion by Campaign Groups,2026-01-01,2026-03-31,"[[1, DSP Consideração], [2, SB], [3, DSP Conversão], [4, DSP Awareness], [5, DSP NTB], [6, SD], [7, SP], [8, SB SOV]]",12,1796,35.70419298232125,0,0.0000,0,0.0,0,0.0000,0,,,,
Path to Conversion by Campaign Groups,2026-01-01,2026-03-31,"[[1, DSP Consideração], [2, DSP Conversão], [3, SB], [4, DSP Awareness]]",12,418,3.764013384185172,0,0.0000,0,0.0,0,0.0000,0,,,,
Path to Conversion by Campaign Groups,2026-01-01,2026-03-31,"[[1, SB], [2, DSP Conversão], [3, DSP Awareness], [4, DSP NTB], [5, SP], [6, SD], [7, DSP Consideração]]",12,1233,6.042249636771615,0,0.0000,0,0.0,0,0.0000,0,,,,
Path to Conversion by Campaign Groups,2026-01-01,2026-03-31,"[[1, SB], [2, DSP Awareness], [3, SB SOV], [4, SP]]",12,492,6.6143872775242185,0,0.0000,0,0.0,0,0.0000,0,,,,
Path to Conversion by Campaign Groups,2026-01-01,2026-03-31,"[[1, SP], [2, DSP Awareness], [3, SB SOV], [4, SB], [5, DSP Conversão], [6, DSP Consideração], [7, DSP NTB], [8, SD]]",12,1728,7.425013712987353,0,0.0000,0,0.0,0,0.0000,0,,,,
Path to Conversion by Campaign Groups,2026-01-01,2026-03-31,"[[1, DSP Conversão], [2, SB], [3, DSP Awareness], [4, SD], [5, DSP NTB], [6, DSP Consideração], [7, SP]]",12,525,2.319214604163001,0,0.0000,0,0.0,0,0.0000,0,,,,
Path to Conversion by Campaign Groups,2026-01-01,2026-03-31,"[[1, SP], [2, SB], [3, DSP NTB], [4, DSP Awareness], [5, DSP Conversão], [6, SB SOV]]",12,594,4.887609534776915,0,0.0000,0,0.0,0,0.0000,0,,,,
Path to Conversion by Campaign Groups,2026-01-01,2026-03-31,"[[1, DSP Consideração], [2, DSP NTB], [3, SP], [4, DSP Conversão], [5, DSP Awareness], [6, SB]]",12,754,6.492017317690667,0,0.0000,0,0.0,0,0.0000,0,,,,
Path to Conversion by Campaign Groups,2026-01-01,2026-03-31,"[[1, DSP Conversão], [2, DSP Awareness], [3, SD], [4, SB], [5, SB SOV], [6, SP], [7, DSP Consideração], [8, DSP NTB]]",12,1592,15.318167182185263,0,0.0000,0,0.0,0,0.0000,0,,,,
Path to Conversion by Campaign Groups,2026-01-01,2026-03-31,"[[1, DSP Consideração], [2, DSP Conversão], [3, DSP NTB], [4, SP], [5, SD], [6, DSP Awareness], [7, SB SOV], [8, SB]]",12,1255,22.61303795775305,0,0.0000,0,0.0,0,0.0000,0,,,,
Path to Conversion by Campaign Groups,2026-01-01,2026-03-31,"[[1, DSP Awareness], [2, SD], [3, SP], [4, SB]]",12,857,16.595824587012736,0,0.0000,0,0.0,0,0.0000,0,,,,
Path to Conversion by Campaign Groups,2026-01-01,2026-03-31,"[[1, DSP Awareness], [2, DSP Conversão], [3, DSP NTB], [4, SD]]",12,560,4.628853646606813,0,0.0000,0,0.0,0,0.0000,0,,,,
Path to Conversion by Campaign Groups,2026-01-01,2026-03-31,"[[1, SD], [2, SB], [3, DSP Conversão], [4, DSP Awareness], [5, SP], [6, DSP NTB], [7, SB SOV]]",12,853,10.787103288118303,0,0.0000,0,0.0,0,0.0000,0,,,,
Path to Conversion by Campaign Groups,2026-01-01,2026-03-31,"[[1, DSP Awareness], [2, SP], [3, DSP Consideração], [4, SD], [5, DSP Conversão], [6, DSP NTB], [7, SB]]",11,1156,17.885995778363956,0,0.0000,0,0.0,0,0.0000,0,,,,
Path to Conversion by Campaign Groups,2026-01-01,2026-03-31,"[[1, DSP NTB], [2, DSP Conversão], [3, DSP Awareness], [4, SP]]",11,429,6.872398404678545,0,0.0000,0,0.0,0,0.0000,0,,,,
Path to Conversion by Campaign Groups,2026-01-01,2026-03-31,"[[1, DSP Awareness], [2, DSP NTB], [3, SB SOV], [4, DSP Conversão], [5, SP]]",11,693,5.828721302564424,0,0.0000,0,0.0,0,0.0000,0,,,,
Path to Conversion by Campaign Groups,2026-01-01,2026-03-31,"[[1, DSP NTB], [2, SB], [3, DSP Awareness], [4, DSP Consideração], [5, SP], [6, DSP Conversão], [7, SD]]",11,1396,6.7076623111189235,0,0.0000,0,0.0,0,0.0000,0,,,,
Path to Conversion by Campaign Groups,2026-01-01,2026-03-31,"[[1, DSP Conversão], [2, DSP Awareness], [3, SB], [4, SD], [5, SP]]",11,863,6.00950096789497,0,0.0000,0,0.0,0,0.0000,0,,,,
Path to Conversion by Campaign Groups,2026-01-01,2026-03-31,"[[1, SD], [2, DSP Conversão], [3, SP], [4, DSP Awareness]]",11,723,10.1590659866115,0,0.0000,0,0.0,0,0.0000,0,,,,
Path to Conversion by Campaign Groups,2026-01-01,2026-03-31,"[[1, DSP NTB], [2, DSP Consideração], [3, SP], [4, DSP Awareness], [5, SB], [6, SD], [7, SB SOV], [8, DSP Conversão]]",11,1595,23.129548731251734,0,0.0000,0,0.0,0,0.0000,0,,,,
Path to Conversion by Campaign Groups,2026-01-01,2026-03-31,"[[1, SD], [2, DSP Conversão], [3, SP], [4, SB]]",11,561,7.660250658873932,0,0.0000,0,0.0,0,0.0000,0,,,,
Path to Conversion by Campaign Groups,2026-01-01,2026-03-31,"[[1, DSP NTB], [2, DSP Consideração], [3, SB], [4, SP], [5, SB SOV], [6, DSP Awareness], [7, SD], [8, DSP Conversão]]",11,1214,15.9781023535989,0,0.0000,0,0.0,0,0.0000,0,,,,
Path to Conversion by Campaign Groups,2026-01-01,2026-03-31,"[[1, SP], [2, DSP NTB], [3, SD], [4, DSP Awareness], [5, DSP Conversão]]",11,357,3.733589342958403,0,0.0000,0,0.0,0,0.0000,0,,,,
Path to Conversion by Campaign Groups,2026-01-01,2026-03-31,"[[1, SD], [2, DSP Conversão], [3, SP], [4, SB SOV]]",11,206,1.8475552741002772,0,0.0000,0,0.0,0,0.0000,0,,,,
Path to Conversion by Campaign Groups,2026-01-01,2026-03-31,"[[1, SP], [2, DSP NTB], [3, DSP Awareness], [4, SB]]",11,647,4.309803789042908,0,0.0000,0,0.0,0,0.0000,0,,,,
Path to Conversion by Campaign Groups,2026-01-01,2026-03-31,"[[1, DSP Awareness], [2, SD], [3, SB], [4, DSP Conversão], [5, SP]]",11,910,9.706530821473484,0,0.0000,0,0.0,0,0.0000,0,,,,
Path to Conversion by Campaign Groups,2026-01-01,2026-03-31,"[[1, DSP NTB], [2, SP], [3, DSP Conversão], [4, SB], [5, SD], [6, DSP Awareness]]",11,1134,10.013958195431924,0,0.0000,0,0.0,0,0.0000,0,,,,
Path to Conversion by Campaign Groups,2026-01-01,2026-03-31,"[[1, SP], [2, DSP Awareness], [3, SB], [4, DSP NTB]]",11,883,7.125226117535342,0,0.0000,0,0.0,0,0.0000,0,,,,
Path to Conversion by Campaign Groups,2026-01-01,2026-03-31,"[[1, SP], [2, DSP NTB], [3, DSP Conversão], [4, SD], [5, DSP Awareness]]",11,234,1.7239337287458572,0,0.0000,0,0.0,0,0.0000,0,,,,
Path to Conversion by Campaign Groups,2026-01-01,2026-03-31,"[[1, DSP Conversão], [2, DSP NTB], [3, SD], [4, SP], [5, SB]]",11,274,2.148607580699779,0,0.0000,0,0.0,0,0.0000,0,,,,
Path to Conversion by Campaign Groups,2026-01-01,2026-03-31,"[[1, DSP Awareness], [2, DSP NTB], [3, SD], [4, SP]]",11,514,9.207934026236659,0,0.0000,0,0.0,0,0.0000,0,,,,
Path to Conversion by Campaign Groups,2026-01-01,2026-03-31,"[[1, DSP Conversão], [2, SB], [3, SB SOV], [4, SD], [5, SP], [6, DSP NTB]]",11,906,10.865769163049942,0,0.0000,0,0.0,0,0.0000,0,,,,
Path to Conversion by Campaign Groups,2026-01-01,2026-03-31,"[[1, SP], [2, DSP Consideração], [3, DSP NTB], [4, DSP Conversão], [5, SD], [6, SB], [7, DSP Awareness]]",11,997,12.104544375743602,0,0.0000,0,0.0,0,0.0000,0,,,,
Path to Conversion by Campaign Groups,2026-01-01,2026-03-31,"[[1, SP], [2, SB SOV], [3, DSP Conversão], [4, DSP Consideração], [5, DSP Awareness], [6, SB], [7, DSP NTB], [8, SD]]",11,749,8.146745618948945,0,0.0000,0,0.0,0,0.0000,0,,,,
Path to Conversion by Campaign Groups,2026-01-01,2026-03-31,"[[1, SD], [2, SP], [3, DSP Conversão], [4, DSP Awareness]]",11,587,5.915143372518506,0,0.0000,0,0.0,0,0.0000,0,,,,
Path to Conversion by Campaign Groups,2026-01-01,2026-03-31,"[[1, DSP Conversão], [2, SD], [3, DSP Consideração], [4, DSP Awareness], [5, SB], [6, DSP NTB], [7, SP], [8, SB SOV]]",11,1243,24.596293786757734,0,0.0000,0,0.0,0,0.0000,0,,,,
Path to Conversion by Campaign Groups,2026-01-01,2026-03-31,"[[1, DSP Conversão], [2, SP], [3, DSP NTB], [4, SB SOV], [5, DSP Awareness], [6, DSP Consideração]]",11,334,1.497140466262149,0,0.0000,0,0.0,0,0.0000,0,,,,
Path to Conversion by Campaign Groups,2026-01-01,2026-03-31,"[[1, DSP Conversão], [2, SP], [3, SB], [4, DSP Consideração]]",11,820,6.329665890451443,0,0.0000,0,0.0,0,0.0000,0,,,,
Path to Conversion by Campaign Groups,2026-01-01,2026-03-31,"[[1, DSP Awareness], [2, DSP Conversão], [3, SB], [4, SP], [5, DSP Consideração], [6, DSP NTB], [7, SD], [8, SB SOV]]",11,752,14.30484642221903,0,0.0000,0,0.0,0,0.0000,0,,,,
Path to Conversion by Campaign Groups,2026-01-01,2026-03-31,"[[1, DSP NTB], [2, SD], [3, SB], [4, DSP Awareness], [5, SP]]",11,569,7.260091264412019,0,0.0000,0,0.0,0,0.0000,0,,,,
Path to Conversion by Campaign Groups,2026-01-01,2026-03-31,"[[1, SD], [2, DSP Awareness], [3, DSP NTB], [4, SP]]",11,857,3.601661803483528,0,0.0000,0,0.0,0,0.0000,0,,,,
Path to Conversion by Campaign Groups,2026-01-01,2026-03-31,"[[1, SP], [2, SD], [3, DSP Conversão], [4, DSP Awareness]]",11,704,10.011023918972498,0,0.0000,0,0.0,0,0.0000,0,,,,
Path to Conversion by Campaign Groups,2026-01-01,2026-03-31,"[[1, SP], [2, DSP Conversão], [3, SD], [4, DSP NTB]]",11,307,4.039052731708097,0,0.0000,0,0.0,0,0.0000,0,,,,
Path to Conversion by Campaign Groups,2026-01-01,2026-03-31,"[[1, DSP NTB], [2, SD], [3, DSP Consideração], [4, DSP Awareness], [5, DSP Conversão], [6, SP]]",11,395,6.078974897249534,0,0.0000,0,0.0,0,0.0000,0,,,,
Path to Conversion by Campaign Groups,2026-01-01,2026-03-31,"[[1, DSP Awareness], [2, SP], [3, SD], [4, DSP NTB]]",11,864,8.729164844391658,0,0.0000,0,0.0,0,0.0000,0,,,,
Path to Conversion by Campaign Groups,2026-01-01,2026-03-31,"[[1, DSP Conversão], [2, DSP Awareness], [3, DSP Consideração], [4, DSP NTB], [5, SP]]",11,256,1.7740064652279894,0,0.0000,0,0.0,0,0.0000,0,,,,
Path to Conversion by Campaign Groups,2026-01-01,2026-03-31,"[[1, SD], [2, DSP Awareness], [3, DSP Conversão], [4, SB]]",11,575,6.241277656381331,0,0.0000,0,0.0,0,0.0000,0,,,,
Path to Conversion by Campaign Groups,2026-01-01,2026-03-31,"[[1, DSP Conversão], [2, SB SOV], [3, SD], [4, DSP Awareness]]",11,811,14.33503875790817,0,0.0000,0,0.0,0,0.0000,0,,,,
Path to Conversion by Campaign Groups,2026-01-01,2026-03-31,"[[1, SD], [2, SP], [3, DSP NTB], [4, DSP Conversão], [5, DSP Consideração], [6, SB], [7, DSP Awareness]]",11,1466,27.227790269950237,0,0.0000,0,0.0,0,0.0000,0,,,,
Path to Conversion by Campaign Groups,2026-01-01,2026-03-31,"[[1, SB], [2, DSP Conversão], [3, DSP Awareness], [4, DSP NTB], [5, SP], [6, SD]]",11,1086,6.686148401629932,0,0.0000,0,0.0,0,0.0000,0,,,,
Path to Conversion by Campaign Groups,2026-01-01,2026-03-31,"[[1, DSP NTB], [2, DSP Awareness], [3, SB], [4, SD], [5, SP]]",11,956,9.735967456422982,0,0.0000,0,0.0,0,0.0000,0,,,,
Path to Conversion by Campaign Groups,2026-01-01,2026-03-31,"[[1, DSP NTB], [2, SD], [3, SP], [4, SB]]",11,475,6.704314974372708,0,0.0000,0,0.0,0,0.0000,0,,,,
Path to Conversion by Campaign Groups,2026-01-01,2026-03-31,"[[1, SB], [2, DSP Awareness], [3, SD], [4, SP], [5, DSP NTB], [6, DSP Conversão]]",11,324,3.909700157240831,0,0.0000,0,0.0,0,0.0000,0,,,,
Path to Conversion by Campaign Groups,2026-01-01,2026-03-31,"[[1, DSP Consideração], [2, DSP Conversão], [3, SP], [4, DSP Awareness], [5, DSP NTB], [6, SD], [7, SB]]",11,572,4.84084425359355,0,0.0000,0,0.0,0,0.0000,0,,,,
Path to Conversion by Campaign Groups,2026-01-01,2026-03-31,"[[1, DSP Conversão], [2, SP], [3, SD], [4, SB SOV]]",11,658,11.29575010091505,0,0.0000,0,0.0,0,0.0000,0,,,,
Path to Conversion by Campaign Groups,2026-01-01,2026-03-31,"[[1, SD], [2, SP], [3, DSP Awareness], [4, DSP Conversão], [5, DSP NTB]]",11,1044,4.920859083202777,0,0.0000,0,0.0,0,0.0000,0,,,,
Path to Conversion by Campaign Groups,2026-01-01,2026-03-31,"[[1, SB], [2, DSP Conversão], [3, SD], [4, SB SOV], [5, DSP NTB], [6, DSP Awareness], [7, SP], [8, DSP Consideração]]",11,1489,19.31588115760726,0,0.0000,0,0.0,0,0.0000,0,,,,
Path to Conversion by Campaign Groups,2026-01-01,2026-03-31,"[[1, DSP Awareness], [2, DSP NTB], [3, SD], [4, SB]]",11,345,3.53525457075364,0,0.0000,0,0.0,0,0.0000,0,,,,
Path to Conversion by Campaign Groups,2026-01-01,2026-03-31,"[[1, DSP NTB], [2, DSP Conversão], [3, SP], [4, SD]]",11,538,3.026861734693631,0,0.0000,0,0.0,0,0.0000,0,,,,
Path to Conversion by Campaign Groups,2026-01-01,2026-03-31,"[[1, SD], [2, DSP Consideração], [3, SB], [4, DSP Conversão], [5, DSP Awareness], [6, SB SOV], [7, DSP NTB], [8, SP]]",11,662,3.2359427892239068,0,0.0000,0,0.0,0,0.0000,0,,,,
Path to Conversion by Campaign Groups,2026-01-01,2026-03-31,"[[1, SB], [2, DSP Conversão], [3, SD], [4, SP], [5, DSP NTB], [6, DSP Consideração], [7, DSP Awareness]]",10,790,13.550611450999815,0,0.0000,0,0.0,0,0.0000,0,,,,
Path to Conversion by Campaign Groups,2026-01-01,2026-03-31,"[[1, DSP NTB], [2, DSP Awareness], [3, SP], [4, DSP Conversão], [5, SB]]",10,409,2.800350160050543,0,0.0000,0,0.0,0,0.0000,0,,,,
Path to Conversion by Campaign Groups,2026-01-01,2026-03-31,"[[1, SB], [2, SD], [3, DSP Conversão], [4, SP], [5, DSP Awareness], [6, DSP NTB], [7, DSP Consideração]]",10,294,3.0471601367266805,0,0.0000,0,0.0,0,0.0000,0,,,,
Path to Conversion by Campaign Groups,2026-01-01,2026-03-31,"[[1, SD], [2, DSP Conversão], [3, DSP Awareness], [4, DSP NTB], [5, DSP Consideração], [6, SB], [7, SP]]",10,1098,14.665494625012448,0,0.0000,0,0.0,0,0.0000,0,,,,
Path to Conversion by Campaign Groups,2026-01-01,2026-03-31,"[[1, DSP NTB], [2, DSP Awareness], [3, SD], [4, SB], [5, SP]]",10,294,1.9934377874273204,0,0.0000,0,0.0,0,0.0000,0,,,,
Path to Conversion by Campaign Groups,2026-01-01,2026-03-31,"[[1, SB], [2, DSP Conversão], [3, SP], [4, SD], [5, DSP NTB]]",10,652,8.18686838245217,0,0.0000,0,0.0,0,0.0000,0,,,,
Path to Conversion by Campaign Groups,2026-01-01,2026-03-31,"[[1, SB], [2, DSP Awareness], [3, SP], [4, DSP Conversão], [5, SD], [6, DSP NTB]]",10,370,4.6456206797171316,0,0.0000,0,0.0,0,0.0000,0,,,,
Path to Conversion by Campaign Groups,2026-01-01,2026-03-31,"[[1, DSP NTB], [2, DSP Awareness], [3, SB], [4, SP], [5, SD]]",10,851,9.62604929219268,0,0.0000,0,0.0,0,0.0000,0,,,,
Path to Conversion by Campaign Groups,2026-01-01,2026-03-31,"[[1, DSP NTB], [2, DSP Conversão], [3, SB], [4, DSP Awareness], [5, DSP Consideração], [6, SP]]",10,827,6.337143623305377,0,0.0000,0,0.0,0,0.0000,0,,,,
Path to Conversion by Campaign Groups,2026-01-01,2026-03-31,"[[1, SP], [2, SD], [3, DSP NTB], [4, SB SOV], [5, DSP Awareness], [6, SB], [7, DSP Conversão], [8, DSP Consideração]]",10,1178,5.842897515735547,0,0.0000,0,0.0,0,0.0000,0,,,,
Path to Conversion by Campaign Groups,2026-01-01,2026-03-31,"[[1, SP], [2, SD], [3, DSP Consideração], [4, DSP Conversão], [5, DSP Awareness], [6, SB]]",10,973,7.6639438584424155,0,0.0000,0,0.0,0,0.0000,0,,,,
Path to Conversion by Campaign Groups,2026-01-01,2026-03-31,"[[1, DSP NTB], [2, DSP Awareness], [3, SP], [4, SB], [5, DSP Conversão], [6, SD]]",10,385,5.748074898074118,0,0.0000,0,0.0,0,0.0000,0,,,,
Path to Conversion by Campaign Groups,2026-01-01,2026-03-31,"[[1, SP], [2, DSP Conversão], [3, DSP NTB], [4, DSP Awareness], [5, DSP Consideração], [6, SB]]",10,464,7.916677346924552,0,0.0000,0,0.0,0,0.0000,0,,,,
Path to Conversion by Campaign Groups,2026-01-01,2026-03-31,"[[1, SB], [2, DSP Awareness], [3, DSP NTB], [4, SD], [5, SP], [6, DSP Conversão]]",10,816,3.8060875564129715,0,0.0000,0,0.0,0,0.0000,0,,,,
Path to Conversion by Campaign Groups,2026-01-01,2026-03-31,"[[1, DSP Conversão], [2, SB], [3, SP], [4, SD], [5, DSP Awareness]]",10,225,1.7674202769884275,0,0.0000,0,0.0,0,0.0000,0,,,,
Path to Conversion by Campaign Groups,2026-01-01,2026-03-31,"[[1, SD], [2, SP], [3, DSP NTB], [4, SB], [5, DSP Awareness]]",10,892,6.746696480270852,0,0.0000,0,0.0,0,0.0000,0,,,,
Path to Conversion by Campaign Groups,2026-01-01,2026-03-31,"[[1, SB], [2, DSP Awareness], [3, SP], [4, DSP NTB], [5, DSP Conversão]]",10,960,17.783244067512296,0,0.0000,0,0.0,0,0.0000,0,,,,
Path to Conversion by Campaign Groups,2026-01-01,2026-03-31,"[[1, SP], [2, DSP NTB], [3, DSP Awareness], [4, DSP Conversão], [5, SB], [6, SD]]",10,992,7.300017076682447,0,0.0000,0,0.0,0,0.0000,0,,,,
Path to Conversion by Campaign Groups,2026-01-01,2026-03-31,"[[1, DSP Awareness], [2, SB], [3, DSP Conversão], [4, SD], [5, SP]]",10,859,17.07861621789235,0,0.0000,0,0.0,0,0.0000,0,,,,
Path to Conversion by Campaign Groups,2026-01-01,2026-03-31,"[[1, SB], [2, DSP Conversão], [3, DSP NTB], [4, SP], [5, DSP Awareness]]",10,469,7.428695632294813,0,0.0000,0,0.0,0,0.0000,0,,,,
Path to Conversion by Campaign Groups,2026-01-01,2026-03-31,"[[1, DSP NTB], [2, DSP Awareness], [3, SD], [4, SB], [5, DSP Consideração], [6, SP]]",10,722,8.677273877131233,0,0.0000,0,0.0,0,0.0000,0,,,,
Path to Conversion by Campaign Groups,2026-01-01,2026-03-31,"[[1, DSP Awareness], [2, DSP Consideração], [3, SD], [4, SP], [5, SB], [6, DSP Conversão], [7, DSP NTB]]",10,1131,7.562204311806841,0,0.0000,0,0.0,0,0.0000,0,,,,
Path to Conversion by Campaign Groups,2026-01-01,2026-03-31,"[[1, SD], [2, DSP Awareness], [3, SB], [4, DSP NTB], [5, SP], [6, SB SOV], [7, DSP Consideração], [8, DSP Conversão]]",10,1464,21.175377294197432,0,0.0000,0,0.0,0,0.0000,0,,,,
Path to Conversion by Campaign Groups,2026-01-01,2026-03-31,"[[1, DSP Awareness], [2, DSP NTB], [3, SD], [4, SP], [5, DSP Conversão], [6, SB]]",10,816,12.663122505848321,0,0.0000,0,0.0,0,0.0000,0,,,,
Path to Conversion by Campaign Groups,2026-01-01,2026-03-31,"[[1, SP], [2, DSP NTB], [3, DSP Awareness], [4, SB], [5, SD]]",10,769,9.640185356767947,0,0.0000,0,0.0,0,0.0000,0,,,,
Path to Conversion by Campaign Groups,2026-01-01,2026-03-31,"[[1, DSP Conversão], [2, SD], [3, DSP NTB], [4, DSP Awareness], [5, SB], [6, SP]]",10,807,14.815807259286048,0,0.0000,0,0.0,0,0.0000,0,,,,
Path to Conversion by Campaign Groups,2026-01-01,2026-03-31,"[[1, DSP Conversão], [2, SB SOV], [3, SD], [4, DSP Awareness], [5, DSP Consideração], [6, SB], [7, SP]]",10,1329,11.418438642763066,0,0.0000,0,0.0,0,0.0000,0,,,,
Path to Conversion by Campaign Groups,2026-01-01,2026-03-31,"[[1, DSP Conversão], [2, DSP Awareness], [3, SP], [4, DSP Consideração], [5, SB]]",10,879,7.925594408518276,0,0.0000,0,0.0,0,0.0000,0,,,,
Path to Conversion by Campaign Groups,2026-01-01,2026-03-31,"[[1, SP], [2, DSP Consideração], [3, SB], [4, DSP Awareness], [5, DSP NTB], [6, SD], [7, DSP Conversão]]",10,750,4.0863073521862825,0,0.0000,0,0.0,0,0.0000,0,,,,
Path to Conversion by Campaign Groups,2026-01-01,2026-03-31,"[[1, SP], [2, DSP NTB], [3, DSP Awareness], [4, SB], [5, SD], [6, DSP Conversão]]",10,437,8.685075958307863,0,0.0000,0,0.0,0,0.0000,0,,,,
Path to Conversion by Campaign Groups,2026-01-01,2026-03-31,"[[1, SP], [2, DSP Awareness], [3, DSP NTB], [4, SB], [5, DSP Conversão]]",10,722,4.869927768718781,0,0.0000,0,0.0,0,0.0000,0,,,,
Path to Conversion by Campaign Groups,2026-01-01,2026-03-31,"[[1, SD], [2, DSP NTB], [3, SB], [4, DSP Conversão], [5, SP], [6, DSP Awareness]]",10,471,4.727002838224983,0,0.0000,0,0.0,0,0.0000,0,,,,
Path to Conversion by Campaign Groups,2026-01-01,2026-03-31,"[[1, SP], [2, SB], [3, DSP Consideração], [4, SD], [5, DSP NTB], [6, DSP Awareness], [7, DSP Conversão]]",10,1034,6.47568034111243,0,0.0000,0,0.0,0,0.0000,0,,,,
Path to Conversion by Campaign Groups,2026-01-01,2026-03-31,"[[1, DSP NTB], [2, DSP Consideração], [3, SP], [4, DSP Awareness], [5, DSP Conversão]]",10,636,4.8643774741423425,0,0.0000,0,0.0,0,0.0000,0,,,,
Path to Conversion by Campaign Groups,2026-01-01,2026-03-31,"[[1, DSP Conversão], [2, SP], [3, SB], [4, DSP Awareness], [5, DSP NTB]]",10,531,9.501302718295886,0,0.0000,0,0.0,0,0.0000,0,,,,
Path to Conversion by Campaign Groups,2026-01-01,2026-03-31,"[[1, SD], [2, DSP Conversão], [3, SB], [4, DSP NTB], [5, SB SOV], [6, DSP Awareness]]",10,1088,10.318363829519683,0,0.0000,0,0.0,0,0.0000,0,,,,
Path to Conversion by Campaign Groups,2026-01-01,2026-03-31,"[[1, SB], [2, DSP Conversão], [3, SB SOV], [4, DSP NTB], [5, DSP Awareness], [6, SP]]",10,261,1.5414343623869429,0,0.0000,0,0.0,0,0.0000,0,,,,
Path to Conversion by Campaign Groups,2026-01-01,2026-03-31,"[[1, SP], [2, DSP Conversão], [3, DSP Awareness], [4, SB], [5, SD]]",10,451,6.920378138424856,0,0.0000,0,0.0,0,0.0000,0,,,,
Path to Conversion by Campaign Groups,2026-01-01,2026-03-31,"[[1, SD], [2, SB], [3, DSP Awareness], [4, DSP Conversão], [5, SP], [6, DSP Consideração], [7, SB SOV]]",10,503,2.247388442005924,0,0.0000,0,0.0,0,0.0000,0,,,,
Path to Conversion by Campaign Groups,2026-01-01,2026-03-31,"[[1, SP], [2, DSP Awareness], [3, DSP NTB], [4, DSP Conversão], [5, SB]]",10,973,4.291914090436223,0,0.0000,0,0.0,0,0.0000,0,,,,
Path to Conversion by Campaign Groups,2026-01-01,2026-03-31,"[[1, DSP NTB], [2, SP], [3, DSP Conversão], [4, SD], [5, SB]]",9,550,4.800067202421367,0,0.0000,0,0.0,0,0.0000,0,,,,
Path to Conversion by Campaign Groups,2026-01-01,2026-03-31,"[[1, DSP Consideração], [2, SB], [3, SD], [4, SP], [5, DSP Conversão], [6, DSP NTB]]",9,1000,19.80378984187755,0,0.0000,0,0.0,0,0.0000,0,,,,
Path to Conversion by Campaign Groups,2026-01-01,2026-03-31,"[[1, DSP NTB], [2, SP], [3, SB], [4, DSP Awareness], [5, DSP Conversão]]",9,465,4.301685104050956,0,0.0000,0,0.0,0,0.0000,0,,,,
Path to Conversion by Campaign Groups,2026-01-01,2026-03-31,"[[1, SB], [2, SP], [3, DSP Awareness], [4, DSP Conversão], [5, SD]]",9,619,6.129527894378976,0,0.0000,0,0.0,0,0.0000,0,,,,
Path to Conversion by Campaign Groups,2026-01-01,2026-03-31,"[[1, DSP Conversão], [2, DSP NTB], [3, DSP Awareness], [4, DSP Consideração], [5, SP], [6, SB]]",9,569,10.351689604760509,0,0.0000,0,0.0,0,0.0000,0,,,,
Path to Conversion by Campaign Groups,2026-01-01,2026-03-31,"[[1, DSP Awareness], [2, DSP Consideração], [3, SP], [4, DSP NTB], [5, DSP Conversão], [6, SB]]",9,655,3.1609254959748,0,0.0000,0,0.0,0,0.0000,0,,,,
Path to Conversion by Campaign Groups,2026-01-01,2026-03-31,"[[1, SP], [2, SB], [3, DSP NTB], [4, DSP Awareness], [5, DSP Conversão]]",9,552,5.379912397780189,0,0.0000,0,0.0,0,0.0000,0,,,,
Path to Conversion by Campaign Groups,2026-01-01,2026-03-31,"[[1, SP], [2, DSP Awareness], [3, DSP Consideração], [4, SB], [5, DSP NTB], [6, DSP Conversão], [7, SD]]",9,1266,21.334734002592306,0,0.0000,0,0.0,0,0.0000,0,,,,
Path to Conversion by Campaign Groups,2026-01-01,2026-03-31,"[[1, SP], [2, SB], [3, DSP NTB], [4, SD], [5, DSP Consideração], [6, DSP Conversão]]",9,554,3.7791892407076726,0,0.0000,0,0.0,0,0.0000,0,,,,
Path to Conversion by Campaign Groups,2026-01-01,2026-03-31,"[[1, DSP Conversão], [2, SD], [3, SB], [4, DSP NTB], [5, SP], [6, DSP Awareness]]",9,543,6.134211583636765,0,0.0000,0,0.0,0,0.0000,0,,,,
Path to Conversion by Campaign Groups,2026-01-01,2026-03-31,"[[1, SP], [2, DSP Conversão], [3, DSP NTB], [4, SB], [5, DSP Awareness]]",9,743,11.303023972119338,0,0.0000,0,0.0,0,0.0000,0,,,,
Path to Conversion by Campaign Groups,2026-01-01,2026-03-31,"[[1, DSP Awareness], [2, SD], [3, SB], [4, SP], [5, DSP Conversão], [6, DSP Consideração], [7, DSP NTB]]",9,520,8.477041873357836,0,0.0000,0,0.0,0,0.0000,0,,,,
Path to Conversion by Campaign Groups,2026-01-01,2026-03-31,"[[1, SB SOV], [2, SP], [3, DSP NTB], [4, DSP Conversão], [5, SD], [6, DSP Awareness], [7, SB]]",9,990,15.844355973787358,0,0.0000,0,0.0,0,0.0000,0,,,,
Path to Conversion by Campaign Groups,2026-01-01,2026-03-31,"[[1, SD], [2, SP], [3, SB SOV], [4, DSP Conversão], [5, SB], [6, DSP NTB], [7, DSP Awareness]]",9,664,9.493802355270358,0,0.0000,0,0.0,0,0.0000,0,,,,
Path to Conversion by Campaign Groups,2026-01-01,2026-03-31,"[[1, SP], [2, SB], [3, DSP Awareness], [4, SB SOV], [5, SD], [6, DSP Conversão], [7, DSP NTB]]",9,1007,7.586363812012559,0,0.0000,0,0.0,0,0.0000,0,,,,
Path to Conversion by Campaign Groups,2026-01-01,2026-03-31,"[[1, DSP Consideração], [2, DSP NTB], [3, DSP Awareness], [4, SP], [5, DSP Conversão], [6, SD], [7, SB]]",9,379,6.70636089558151,0,0.0000,0,0.0,0,0.0000,0,,,,
Path to Conversion by Campaign Groups,2026-01-01,2026-03-31,"[[1, SB SOV], [2, DSP Conversão], [3, DSP Consideração], [4, DSP Awareness], [5, SP], [6, SB]]",9,389,6.215899467753153,0,0.0000,0,0.0,0,0.0000,0,,,,
Path to Conversion by Campaign Groups,2026-01-01,2026-03-31,"[[1, DSP Conversão], [2, SP], [3, DSP NTB], [4, DSP Awareness], [5, SB]]",9,632,5.270390428291,0,0.0000,0,0.0,0,0.0000,0,,,,
Path to Conversion by Campaign Groups,2026-01-01,2026-03-31,"[[1, DSP Awareness], [2, DSP Conversão], [3, SB], [4, DSP NTB], [5, SP], [6, DSP Consideração]]",9,721,7.060364436780565,0,0.0000,0,0.0,0,0.0000,0,,,,
Path to Conversion by Campaign Groups,2026-01-01,2026-03-31,"[[1, DSP Awareness], [2, SP], [3, SB], [4, DSP Conversão], [5, SD], [6, DSP NTB]]",9,968,12.769549924178976,0,0.0000,0,0.0,0,0.0000,0,,,,
Path to Conversion by Campaign Groups,2026-01-01,2026-03-31,"[[1, SD], [2, SB], [3, DSP Awareness], [4, SP], [5, DSP NTB], [6, DSP Conversão], [7, DSP Consideração]]",9,574,9.068591493024957,0,0.0000,0,0.0,0,0.0000,0,,,,
Path to Conversion by Campaign Groups,2026-01-01,2026-03-31,"[[1, SB], [2, DSP Conversão], [3, SD], [4, SP], [5, DSP Awareness], [6, DSP NTB]]",9,598,3.8534735007712952,0,0.0000,0,0.0,0,0.0000,0,,,,
Path to Conversion by Campaign Groups,2026-01-01,2026-03-31,"[[1, SB], [2, SP], [3, DSP Awareness], [4, DSP Consideração], [5, DSP Conversão], [6, SD], [7, DSP NTB]]",9,803,6.265694031349446,0,0.0000,0,0.0,0,0.0000,0,,,,
Path to Conversion by Campaign Groups,2026-01-01,2026-03-31,"[[1, DSP Awareness], [2, SD], [3, SP], [4, DSP Conversão], [5, SB SOV], [6, DSP NTB]]",9,818,5.533334232546494,0,0.0000,0,0.0,0,0.0000,0,,,,
Path to Conversion by Campaign Groups,2026-01-01,2026-03-31,"[[1, DSP Consideração], [2, SP], [3, DSP Conversão], [4, SB], [5, SD], [6, SB SOV]]",9,730,7.207643864433968,0,0.0000,0,0.0,0,0.0000,0,,,,
Path to Conversion by Campaign Groups,2026-01-01,2026-03-31,"[[1, DSP Consideração], [2, SP], [3, DSP NTB], [4, SB SOV], [5, DSP Conversão], [6, DSP Awareness], [7, SD], [8, SB]]",9,1429,7.953115397508295,0,0.0000,0,0.0,0,0.0000,0,,,,
Path to Conversion by Campaign Groups,2026-01-01,2026-03-31,"[[1, DSP NTB], [2, DSP Awareness], [3, SP], [4, DSP Conversão], [5, SD], [6, SB]]",9,677,13.029251653707826,0,0.0000,0,0.0,0,0.0000,0,,,,
Path to Conversion by Campaign Groups,2026-01-01,2026-03-31,"[[1, DSP NTB], [2, SD], [3, DSP Consideração], [4, SB], [5, SP]]",9,310,3.7476478587304505,0,0.0000,0,0.0,0,0.0000,0,,,,
Path to Conversion by Campaign Groups,2026-01-01,2026-03-31,"[[1, SB], [2, DSP NTB], [3, DSP Awareness], [4, DSP Conversão], [5, SP], [6, SD]]",9,955,4.661726525632485,0,0.0000,0,0.0,0,0.0000,0,,,,
Path to Conversion by Campaign Groups,2026-01-01,2026-03-31,"[[1, SP], [2, SB], [3, DSP NTB], [4, DSP Awareness], [5, DSP Consideração], [6, SD]]",9,841,5.152095264169432,0,0.0000,0,0.0,0,0.0000,0,,,,
Path to Conversion by Campaign Groups,2026-01-01,2026-03-31,"[[1, SD], [2, DSP Awareness], [3, DSP NTB], [4, DSP Conversão], [5, SP]]",9,369,2.2336060463554874,0,0.0000,0,0.0,0,0.0000,0,,,,
Path to Conversion by Campaign Groups,2026-01-01,2026-03-31,"[[1, DSP NTB], [2, SP], [3, DSP Conversão], [4, DSP Awareness], [5, SB]]",9,811,11.41346074569383,0,0.0000,0,0.0,0,0.0000,0,,,,
Path to Conversion by Campaign Groups,2026-01-01,2026-03-31,"[[1, DSP NTB], [2, SB], [3, DSP Consideração], [4, DSP Conversão], [5, SD], [6, SP], [7, DSP Awareness]]",9,502,3.134206695029987,0,0.0000,0,0.0,0,0.0000,0,,,,
Path to Conversion by Campaign Groups,2026-01-01,2026-03-31,"[[1, DSP Awareness], [2, DSP Conversão], [3, DSP Consideração], [4, SP], [5, SB], [6, SD], [7, DSP NTB]]",9,381,2.4263281488063555,0,0.0000,0,0.0,0,0.0000,0,,,,
Path to Conversion by Campaign Groups,2026-01-01,2026-03-31,"[[1, SB], [2, DSP Awareness], [3, DSP Conversão], [4, SD], [5, SP]]",9,483,3.0150945313045217,0,0.0000,0,0.0,0,0.0000,0,,,,
Path to Conversion by Campaign Groups,2026-01-01,2026-03-31,"[[1, SP], [2, DSP Conversão], [3, DSP Awareness], [4, SD], [5, SB]]",9,759,10.499000467295861,0,0.0000,0,0.0,0,0.0000,0,,,,
Path to Conversion by Campaign Groups,2026-01-01,2026-03-31,"[[1, SD], [2, DSP Consideração], [3, DSP Conversão], [4, SP], [5, SB], [6, DSP Awareness]]",9,419,4.876949555807234,0,0.0000,0,0.0,0,0.0000,0,,,,
Path to Conversion by Campaign Groups,2026-01-01,2026-03-31,"[[1, SP], [2, DSP NTB], [3, SD], [4, DSP Conversão], [5, DSP Awareness], [6, SB]]",9,243,1.614534646721805,0,0.0000,0,0.0,0,0.0000,0,,,,
Path to Conversion by Campaign Groups,2026-01-01,2026-03-31,"[[1, DSP Awareness], [2, DSP NTB], [3, SB SOV], [4, SD], [5, SB], [6, DSP Conversão], [7, SP]]",9,402,5.546365859137858,0,0.0000,0,0.0,0,0.0000,0,,,,
Path to Conversion by Campaign Groups,2026-01-01,2026-03-31,"[[1, DSP Awareness], [2, DSP NTB], [3, DSP Conversão], [4, SD], [5, SP], [6, SB]]",9,655,10.161653919643175,0,0.0000,0,0.0,0,0.0000,0,,,,
Path to Conversion by Campaign Groups,2026-01-01,2026-03-31,"[[1, DSP Consideração], [2, DSP Conversão], [3, SD], [4, SB], [5, SP], [6, DSP NTB], [7, DSP Awareness]]",9,925,8.998402979751292,0,0.0000,0,0.0,0,0.0000,0,,,,
Path to Conversion by Campaign Groups,2026-01-01,2026-03-31,"[[1, DSP NTB], [2, SP], [3, SD], [4, DSP Consideração], [5, SB], [6, DSP Awareness], [7, DSP Conversão]]",9,806,7.250810629378622,0,0.0000,0,0.0,0,0.0000,0,,,,
Path to Conversion by Campaign Groups,2026-01-01,2026-03-31,"[[1, SD], [2, DSP NTB], [3, SP], [4, DSP Awareness], [5, SB]]",9,814,8.427036144226507,0,0.0000,0,0.0,0,0.0000,0,,,,
Path to Conversion by Campaign Groups,2026-01-01,2026-03-31,"[[1, SB], [2, SB SOV], [3, DSP Consideração], [4, SP], [5, DSP NTB], [6, DSP Conversão], [7, SD], [8, DSP Awareness]]",9,675,10.438457740554382,0,0.0000,0,0.0,0,0.0000,0,,,,
Path to Conversion by Campaign Groups,2026-01-01,2026-03-31,"[[1, DSP Awareness], [2, SD], [3, DSP Conversão], [4, SB SOV], [5, DSP NTB]]",9,335,4.744742840859652,0,0.0000,0,0.0,0,0.0000,0,,,,
Path to Conversion by Campaign Groups,2026-01-01,2026-03-31,"[[1, SP], [2, SB SOV], [3, DSP Awareness], [4, SD], [5, SB], [6, DSP NTB], [7, DSP Consideração], [8, DSP Conversão]]",9,1419,28.100071507373382,0,0.0000,0,0.0,0,0.0000,0,,,,
Path to Conversion by Campaign Groups,2026-01-01,2026-03-31,"[[1, DSP Awareness], [2, DSP Conversão], [3, SD], [4, SB], [5, SP], [6, DSP NTB], [7, DSP Consideração]]",9,396,4.019450452835307,0,0.0000,0,0.0,0,0.0000,0,,,,
Path to Conversion by Campaign Groups,2026-01-01,2026-03-31,"[[1, SD], [2, SP], [3, DSP Awareness], [4, DSP Conversão], [5, SB]]",9,216,3.9471989529996616,0,0.0000,0,0.0,0,0.0000,0,,,,
Path to Conversion by Campaign Groups,2026-01-01,2026-03-31,"[[1, DSP Conversão], [2, DSP NTB], [3, SB], [4, DSP Awareness], [5, SD], [6, DSP Consideração], [7, SP]]",9,434,2.5787796005496,0,0.0000,0,0.0,0,0.0000,0,,,,
Path to Conversion by Campaign Groups,2026-01-01,2026-03-31,"[[1, DSP Awareness], [2, DSP NTB], [3, SP], [4, SD], [5, DSP Consideração]]",9,202,3.515555485073159,0,0.0000,0,0.0,0,0.0000,0,,,,
Path to Conversion by Campaign Groups,2026-01-01,2026-03-31,"[[1, DSP NTB], [2, DSP Awareness], [3, SB], [4, SP], [5, DSP Conversão], [6, SB SOV]]",9,649,5.158927290325472,0,0.0000,0,0.0,0,0.0000,0,,,,
Path to Conversion by Campaign Groups,2026-01-01,2026-03-31,"[[1, SB], [2, DSP Awareness], [3, SD], [4, SB SOV], [5, DSP NTB], [6, SP], [7, DSP Conversão]]",9,800,14.552956036027231,0,0.0000,0,0.0,0,0.0000,0,,,,
Path to Conversion by Campaign Groups,2026-01-01,2026-03-31,"[[1, SP], [2, DSP Conversão], [3, DSP NTB], [4, SB], [5, DSP Consideração]]",9,858,9.218965583824046,0,0.0000,0,0.0,0,0.0000,0,,,,
Path to Conversion by Campaign Groups,2026-01-01,2026-03-31,"[[1, SP], [2, DSP Conversão], [3, DSP NTB], [4, DSP Awareness], [5, SB]]",9,442,6.27442256195194,0,0.0000,0,0.0,0,0.0000,0,,,,
Path to Conversion by Campaign Groups,2026-01-01,2026-03-31,"[[1, DSP Conversão], [2, DSP Consideração], [3, DSP Awareness], [4, SB SOV], [5, SP], [6, DSP NTB], [7, SD], [8, SB]]",9,515,5.2110128849889445,0,0.0000,0,0.0,0,0.0000,0,,,,
Path to Conversion by Campaign Groups,2026-01-01,2026-03-31,"[[1, DSP Awareness], [2, SB SOV], [3, SB], [4, SD], [5, DSP Conversão], [6, SP]]",9,1010,20.157204508997776,0,0.0000,0,0.0,0,0.0000,0,,,,
Path to Conversion by Campaign Groups,2026-01-01,2026-03-31,"[[1, DSP Conversão], [2, SB], [3, DSP Awareness], [4, SB SOV], [5, DSP NTB], [6, SP], [7, SD], [8, DSP Consideração]]",9,1249,13.714233715968486,0,0.0000,0,0.0,0,0.0000,0,,,,
Path to Conversion by Campaign Groups,2026-01-01,2026-03-31,"[[1, DSP Awareness], [2, DSP Consideração], [3, SB], [4, SD], [5, SP], [6, DSP Conversão], [7, DSP NTB]]",9,896,15.78130431472248,0,0.0000,0,0.0,0,0.0000,0,,,,
Path to Conversion by Campaign Groups,2026-01-01,2026-03-31,"[[1, SP], [2, DSP NTB], [3, DSP Conversão], [4, SB], [5, DSP Awareness], [6, SD], [7, DSP Consideração], [8, SB SOV]]",9,1064,14.11253764809811,0,0.0000,0,0.0,0,0.0000,0,,,,
Path to Conversion by Campaign Groups,2026-01-01,2026-03-31,"[[1, SD], [2, SB SOV], [3, DSP Awareness], [4, SB], [5, SP]]",9,297,3.4218464778025726,0,0.0000,0,0.0,0,0.0000,0,,,,
Path to Conversion by Campaign Groups,2026-01-01,2026-03-31,"[[1, DSP Conversão], [2, DSP NTB], [3, DSP Consideração], [4, SD], [5, SP], [6, DSP Awareness], [7, SB]]",9,837,8.650767573482383,0,0.0000,0,0.0,0,0.0000,0,,,,
Path to Conversion by Campaign Groups,2026-01-01,2026-03-31,"[[1, DSP Awareness], [2, SB], [3, DSP NTB], [4, SB SOV], [5, SP]]",9,664,10.137735368889198,0,0.0000,0,0.0,0,0.0000,0,,,,
Path to Conversion by Campaign Groups,2026-01-01,2026-03-31,"[[1, DSP NTB], [2, DSP Conversão], [3, SP], [4, SB], [5, DSP Consideração], [6, SD]]",9,644,6.605212822421823,0,0.0000,0,0.0,0,0.0000,0,,,,
Path to Conversion by Campaign Groups,2026-01-01,2026-03-31,"[[1, DSP Awareness], [2, DSP NTB], [3, SD], [4, DSP Conversão], [5, SB SOV], [6, SB], [7, SP]]",9,571,4.475232971947035,0,0.0000,0,0.0,0,0.0000,0,,,,
Path to Conversion by Campaign Groups,2026-01-01,2026-03-31,"[[1, SP], [2, DSP Consideração], [3, DSP Awareness], [4, SD], [5, SB]]",9,333,4.609088520542923,0,0.0000,0,0.0,0,0.0000,0,,,,
Path to Conversion by Campaign Groups,2026-01-01,2026-03-31,"[[1, SB SOV], [2, SB], [3, DSP Awareness], [4, DSP NTB], [5, DSP Consideração], [6, SD], [7, DSP Conversão], [8, SP]]",8,748,4.511548106441646,0,0.0000,0,0.0,0,0.0000,0,,,,
Path to Conversion by Campaign Groups,2026-01-01,2026-03-31,"[[1, DSP Consideração], [2, SP], [3, DSP Awareness], [4, SB], [5, DSP NTB], [6, SD], [7, DSP Conversão], [8, SB SOV]]",8,874,9.503223105689163,0,0.0000,0,0.0,0,0.0000,0,,,,
Path to Conversion by Campaign Groups,2026-01-01,2026-03-31,"[[1, SP], [2, SB], [3, DSP Consideração], [4, DSP Conversão], [5, DSP NTB], [6, SD]]",8,332,6.0010596594464385,0,0.0000,0,0.0,0,0.0000,0,,,,
Path to Conversion by Campaign Groups,2026-01-01,2026-03-31,"[[1, DSP Conversão], [2, DSP Awareness], [3, DSP NTB], [4, SB], [5, SD], [6, SP], [7, DSP Consideração], [8, SB SOV]]",8,310,3.2299136135911772,0,0.0000,0,0.0,0,0.0000,0,,,,
Path to Conversion by Campaign Groups,2026-01-01,2026-03-31,"[[1, DSP Conversão], [2, SB], [3, DSP Awareness], [4, DSP NTB], [5, SD], [6, SP]]",8,452,8.27460585874229,0,0.0000,0,0.0,0,0.0000,0,,,,
Path to Conversion by Campaign Groups,2026-01-01,2026-03-31,"[[1, SD], [2, DSP NTB], [3, SP], [4, DSP Consideração], [5, DSP Conversão], [6, DSP Awareness], [7, SB]]",8,924,3.7949960745383526,0,0.0000,0,0.0,0,0.0000,0,,,,
Path to Conversion by Campaign Groups,2026-01-01,2026-03-31,"[[1, DSP Awareness], [2, SP], [3, SB SOV], [4, SD], [5, DSP Conversão], [6, DSP NTB]]",8,737,14.636484230462814,0,0.0000,0,0.0,0,0.0000,0,,,,
Path to Conversion by Campaign Groups,2026-01-01,2026-03-31,"[[1, DSP NTB], [2, DSP Consideração], [3, SD], [4, SP], [5, DSP Awareness], [6, SB SOV], [7, DSP Conversão], [8, SB]]",8,948,17.573619903237685,0,0.0000,0,0.0,0,0.0000,0,,,,
Path to Conversion by Campaign Groups,2026-01-01,2026-03-31,"[[1, SB], [2, DSP NTB], [3, SP], [4, DSP Conversão], [5, DSP Consideração], [6, DSP Awareness]]",8,960,17.458669527480005,0,0.0000,0,0.0,0,0.0000,0,,,,
Path to Conversion by Campaign Groups,2026-01-01,2026-03-31,"[[1, SD], [2, DSP Awareness], [3, SB], [4, SP], [5, DSP Consideração], [6, DSP Conversão]]",8,714,8.598562071212308,0,0.0000,0,0.0,0,0.0000,0,,,,
Path to Conversion by Campaign Groups,2026-01-01,2026-03-31,"[[1, SB], [2, SB SOV], [3, SD], [4, DSP NTB], [5, DSP Conversão], [6, SP]]",8,584,3.0793205720348107,0,0.0000,0,0.0,0,0.0000,0,,,,
Path to Conversion by Campaign Groups,2026-01-01,2026-03-31,"[[1, DSP Consideração], [2, DSP NTB], [3, SD], [4, SB], [5, SP], [6, DSP Conversão]]",8,912,15.857807244211951,0,0.0000,0,0.0,0,0.0000,0,,,,
Path to Conversion by Campaign Groups,2026-01-01,2026-03-31,"[[1, SB SOV], [2, SD], [3, DSP Awareness], [4, SB], [5, SP], [6, DSP Conversão], [7, DSP NTB], [8, DSP Consideração]]",8,1062,7.895068714840694,0,0.0000,0,0.0,0,0.0000,0,,,,
Path to Conversion by Campaign Groups,2026-01-01,2026-03-31,"[[1, SP], [2, SD], [3, DSP Conversão], [4, DSP NTB], [5, SB], [6, DSP Awareness]]",8,785,3.4390005305492686,0,0.0000,0,0.0,0,0.0000,0,,,,
Path to Conversion by Campaign Groups,2026-01-01,2026-03-31,"[[1, SP], [2, DSP Awareness], [3, SD], [4, DSP Conversão], [5, SB], [6, DSP NTB]]",8,555,10.337570677588394,0,0.0000,0,0.0,0,0.0000,0,,,,
Path to Conversion by Campaign Groups,2026-01-01,2026-03-31,"[[1, DSP Conversão], [2, DSP NTB], [3, SP], [4, DSP Awareness], [5, SD], [6, SB]]",8,383,7.644014732595514,0,0.0000,0,0.0,0,0.0000,0,,,,
Path to Conversion by Campaign Groups,2026-01-01,2026-03-31,"[[1, DSP NTB], [2, DSP Conversão], [3, DSP Awareness], [4, SB], [5, SP], [6, DSP Consideração], [7, SB SOV], [8, SD]]",8,716,6.95140960794344,0,0.0000,0,0.0,0,0.0000,0,,,,
Path to Conversion by Campaign Groups,2026-01-01,2026-03-31,"[[1, SP], [2, SB], [3, DSP Consideração], [4, DSP NTB], [5, SD], [6, DSP Conversão]]",8,688,10.160179212854175,0,0.0000,0,0.0,0,0.0000,0,,,,
Path to Conversion by Campaign Groups,2026-01-01,2026-03-31,"[[1, DSP NTB], [2, DSP Consideração], [3, DSP Conversão], [4, SB], [5, DSP Awareness], [6, SD], [7, SP], [8, SB SOV]]",8,791,8.238482557229206,0,0.0000,0,0.0,0,0.0000,0,,,,
Path to Conversion by Campaign Groups,2026-01-01,2026-03-31,"[[1, SB], [2, DSP NTB], [3, DSP Conversão], [4, DSP Awareness], [5, DSP Consideração], [6, SP], [7, SB SOV], [8, SD]]",8,1258,23.69198958344004,0,0.0000,0,0.0,0,0.0000,0,,,,
Path to Conversion by Campaign Groups,2026-01-01,2026-03-31,"[[1, DSP Conversão], [2, SP], [3, DSP NTB], [4, DSP Awareness], [5, DSP Consideração], [6, SB], [7, SD]]",8,634,8.92042429329844,0,0.0000,0,0.0,0,0.0000,0,,,,
Path to Conversion by Campaign Groups,2026-01-01,2026-03-31,"[[1, DSP NTB], [2, DSP Consideração], [3, DSP Conversão], [4, DSP Awareness], [5, SB SOV], [6, SD], [7, SB], [8, SP]]",8,625,3.8748988796357,0,0.0000,0,0.0,0,0.0000,0,,,,
Path to Conversion by Campaign Groups,2026-01-01,2026-03-31,"[[1, SB SOV], [2, SP], [3, DSP Consideração], [4, SD], [5, DSP NTB], [6, SB], [7, DSP Awareness], [8, DSP Conversão]]",8,577,9.69040623675738,0,0.0000,0,0.0,0,0.0000,0,,,,
Path to Conversion by Campaign Groups,2026-01-01,2026-03-31,"[[1, DSP Conversão], [2, DSP Consideração], [3, SD], [4, DSP Awareness], [5, SP], [6, DSP NTB]]",8,495,8.03682758295286,0,0.0000,0,0.0,0,0.0000,0,,,,
Path to Conversion by Campaign Groups,2026-01-01,2026-03-31,"[[1, SB SOV], [2, DSP Awareness], [3, SP], [4, SD], [5, SB], [6, DSP NTB]]",8,263,1.907882935627672,0,0.0000,0,0.0,0,0.0000,0,,,,
Path to Conversion by Campaign Groups,2026-01-01,2026-03-31,"[[1, DSP Consideração], [2, DSP Awareness], [3, DSP Conversão], [4, SB], [5, SP], [6, SD]]",8,373,5.682435456877865,0,0.0000,0,0.0,0,0.0000,0,,,,
Path to Conversion by Campaign Groups,2026-01-01,2026-03-31,"[[1, SB], [2, DSP NTB], [3, DSP Conversão], [4, SP], [5, DSP Awareness], [6, SB SOV], [7, SD]]",8,914,17.170793843259585,0,0.0000,0,0.0,0,0.0000,0,,,,
Path to Conversion by Campaign Groups,2026-01-01,2026-03-31,"[[1, SP], [2, SD], [3, DSP Conversão], [4, DSP Awareness], [5, DSP Consideração], [6, SB]]",8,522,8.193492279876445,0,0.0000,0,0.0,0,0.0000,0,,,,
Path to Conversion by Campaign Groups,2026-01-01,2026-03-31,"[[1, DSP Conversão], [2, SB], [3, SP], [4, DSP Awareness], [5, DSP Consideração], [6, SD]]",8,505,6.567123017175332,0,0.0000,0,0.0,0,0.0000,0,,,,
Path to Conversion by Campaign Groups,2026-01-01,2026-03-31,"[[1, DSP Awareness], [2, SB], [3, SD], [4, DSP Consideração], [5, SP], [6, DSP NTB], [7, DSP Conversão]]",8,805,10.302024315101805,0,0.0000,0,0.0,0,0.0000,0,,,,
Path to Conversion by Campaign Groups,2026-01-01,2026-03-31,"[[1, DSP Conversão], [2, DSP Awareness], [3, SD], [4, DSP NTB], [5, SB], [6, SB SOV], [7, DSP Consideração], [8, SP]]",8,748,8.54190086313365,0,0.0000,0,0.0,0,0.0000,0,,,,
Path to Conversion by Campaign Groups,2026-01-01,2026-03-31,"[[1, SP], [2, SB], [3, DSP Awareness], [4, DSP Conversão], [5, DSP NTB], [6, SD]]",8,508,9.872665548686049,0,0.0000,0,0.0,0,0.0000,0,,,,
Path to Conversion by Campaign Groups,2026-01-01,2026-03-31,"[[1, DSP NTB], [2, DSP Conversão], [3, SB], [4, SP], [5, SD], [6, DSP Awareness]]",8,240,2.2550495117616727,0,0.0000,0,0.0,0,0.0000,0,,,,
Path to Conversion by Campaign Groups,2026-01-01,2026-03-31,"[[1, DSP NTB], [2, DSP Conversão], [3, SB], [4, DSP Awareness], [5, SD], [6, DSP Consideração], [7, SP]]",8,515,10.121480286540097,0,0.0000,0,0.0,0,0.0000,0,,,,
Path to Conversion by Campaign Groups,2026-01-01,2026-03-31,"[[1, SB], [2, DSP Awareness], [3, DSP Conversão], [4, SD], [5, DSP NTB], [6, SP]]",8,624,8.749727125958792,0,0.0000,0,0.0,0,0.0000,0,,,,
Path to Conversion by Campaign Groups,2026-01-01,2026-03-31,"[[1, SB], [2, DSP Awareness], [3, DSP NTB], [4, SP], [5, SD], [6, DSP Conversão]]",8,498,6.233790466894382,0,0.0000,0,0.0,0,0.0000,0,,,,
Path to Conversion by Campaign Groups,2026-01-01,2026-03-31,"[[1, DSP Conversão], [2, SP], [3, DSP Awareness], [4, DSP Consideração], [5, SB], [6, SD], [7, DSP NTB]]",8,977,15.346332358569203,0,0.0000,0,0.0,0,0.0000,0,,,,
Path to Conversion by Campaign Groups,2026-01-01,2026-03-31,"[[1, DSP Awareness], [2, DSP Conversão], [3, SB], [4, DSP Consideração], [5, SP], [6, SD], [7, DSP NTB], [8, SB SOV]]",8,550,2.3954919638136403,0,0.0000,0,0.0,0,0.0000,0,,,,
Path to Conversion by Campaign Groups,2026-01-01,2026-03-31,"[[1, SB], [2, SP], [3, DSP Consideração], [4, SB SOV], [5, DSP Awareness], [6, DSP Conversão], [7, DSP NTB]]",8,985,6.592317970175554,0,0.0000,0,0.0,0,0.0000,0,,,,
Path to Conversion by Campaign Groups,2026-01-01,2026-03-31,"[[1, DSP NTB], [2, DSP Conversão], [3, SP], [4, SB], [5, DSP Awareness], [6, DSP Consideração]]",8,326,6.189445984544752,0,0.0000,0,0.0,0,0.0000,0,,,,
Path to Conversion by Campaign Groups,2026-01-01,2026-03-31,"[[1, SB], [2, SP], [3, DSP Awareness], [4, SD], [5, DSP Consideração], [6, DSP NTB], [7, SB SOV], [8, DSP Conversão]]",8,556,4.475778434000448,0,0.0000,0,0.0,0,0.0000,0,,,,
Path to Conversion by Campaign Groups,2026-01-01,2026-03-31,"[[1, DSP Conversão], [2, SD], [3, DSP NTB], [4, DSP Consideração], [5, DSP Awareness], [6, SB], [7, SP]]",8,486,3.3718051921450023,0,0.0000,0,0.0,0,0.0000,0,,,,
Path to Conversion by Campaign Groups,2026-01-01,2026-03-31,"[[1, SP], [2, DSP Consideração], [3, DSP Conversão], [4, DSP NTB], [5, SB], [6, SD], [7, DSP Awareness]]",8,326,5.989060287895935,0,0.0000,0,0.0,0,0.0000,0,,,,
Path to Conversion by Campaign Groups,2026-01-01,2026-03-31,"[[1, DSP Consideração], [2, SB], [3, DSP NTB], [4, DSP Awareness], [5, SB SOV], [6, SP], [7, SD], [8, DSP Conversão]]",8,316,3.4021299145329467,0,0.0000,0,0.0,0,0.0000,0,,,,
Path to Conversion by Campaign Groups,2026-01-01,2026-03-31,"[[1, DSP Consideração], [2, SB], [3, SP], [4, DSP Awareness], [5, SD], [6, DSP Conversão], [7, DSP NTB]]",8,1075,19.989564368718728,0,0.0000,0,0.0,0,0.0000,0,,,,
Path to Conversion by Campaign Groups,2026-01-01,2026-03-31,"[[1, DSP Awareness], [2, SD], [3, DSP Conversão], [4, SP], [5, DSP NTB], [6, SB]]",8,670,10.227672384549425,0,0.0000,0,0.0,0,0.0000,0,,,,
Path to Conversion by Campaign Groups,2026-01-01,2026-03-31,"[[1, DSP NTB], [2, SB], [3, DSP Conversão], [4, DSP Awareness], [5, DSP Consideração], [6, SP], [7, SD]]",8,648,6.078070293556801,0,0.0000,0,0.0,0,0.0000,0,,,,
Path to Conversion by Campaign Groups,2026-01-01,2026-03-31,"[[1, DSP NTB], [2, SD], [3, SP], [4, SB], [5, DSP Conversão], [6, DSP Consideração], [7, SB SOV], [8, DSP Awareness]]",8,826,5.017898429380012,0,0.0000,0,0.0,0,0.0000,0,,,,
Path to Conversion by Campaign Groups,2026-01-01,2026-03-31,"[[1, DSP Conversão], [2, DSP NTB], [3, DSP Consideração], [4, SB SOV], [5, DSP Awareness], [6, SB], [7, SD], [8, SP]]",8,716,11.635824789600218,0,0.0000,0,0.0,0,0.0000,0,,,,
Path to Conversion by Campaign Groups,2026-01-01,2026-03-31,"[[1, DSP Awareness], [2, DSP NTB], [3, SD], [4, SP], [5, DSP Consideração], [6, SB]]",8,664,2.9913863013150914,0,0.0000,0,0.0,0,0.0000,0,,,,
Path to Conversion by Campaign Groups,2026-01-01,2026-03-31,"[[1, DSP NTB], [2, DSP Conversão], [3, SD], [4, DSP Awareness], [5, SB], [6, SP]]",8,642,2.736799632068714,0,0.0000,0,0.0,0,0.0000,0,,,,
Path to Conversion by Campaign Groups,2026-01-01,2026-03-31,"[[1, SP], [2, DSP Conversão], [3, DSP NTB], [4, DSP Awareness], [5, SB], [6, SD]]",8,723,13.827490699864406,0,0.0000,0,0.0,0,0.0000,0,,,,
Path to Conversion by Campaign Groups,2026-01-01,2026-03-31,"[[1, DSP Conversão], [2, SD], [3, DSP Consideração], [4, SP], [5, DSP Awareness], [6, SB]]",8,721,10.487342565570312,0,0.0000,0,0.0,0,0.0000,0,,,,
Path to Conversion by Campaign Groups,2026-01-01,2026-03-31,"[[1, SP], [2, SB], [3, DSP NTB], [4, DSP Conversão], [5, DSP Awareness], [6, SD]]",7,510,6.117359520525433,0,0.0000,0,0.0,0,0.0000,0,,,,
Path to Conversion by Campaign Groups,2026-01-01,2026-03-31,"[[1, SB], [2, SP], [3, SB SOV], [4, DSP Consideração], [5, DSP Awareness], [6, DSP NTB], [7, DSP Conversão], [8, SD]]",7,721,3.76386630613652,0,0.0000,0,0.0,0,0.0000,0,,,,
Path to Conversion by Campaign Groups,2026-01-01,2026-03-31,"[[1, DSP Awareness], [2, SD], [3, DSP NTB], [4, SP], [5, SB SOV], [6, DSP Conversão], [7, SB]]",7,394,3.462582278183245,0,0.0000,0,0.0,0,0.0000,0,,,,
Path to Conversion by Campaign Groups,2026-01-01,2026-03-31,"[[1, SB SOV], [2, SP], [3, SD], [4, DSP Conversão], [5, DSP Awareness], [6, SB], [7, DSP NTB]]",7,770,14.255113560178037,0,0.0000,0,0.0,0,0.0000,0,,,,
Path to Conversion by Campaign Groups,2026-01-01,2026-03-31,"[[1, SB], [2, DSP NTB], [3, SP], [4, DSP Conversão], [5, SD], [6, DSP Consideração], [7, DSP Awareness]]",7,953,18.605219531274095,0,0.0000,0,0.0,0,0.0000,0,,,,
Path to Conversion by Campaign Groups,2026-01-01,2026-03-31,"[[1, SD], [2, DSP NTB], [3, SB SOV], [4, DSP Awareness], [5, DSP Consideração], [6, DSP Conversão], [7, SP], [8, SB]]",7,587,5.539564859106977,0,0.0000,0,0.0,0,0.0000,0,,,,
Path to Conversion by Campaign Groups,2026-01-01,2026-03-31,"[[1, DSP Awareness], [2, SB SOV], [3, SB], [4, SP], [5, SD], [6, DSP Conversão], [7, DSP NTB]]",7,726,12.922377793128222,0,0.0000,0,0.0,0,0.0000,0,,,,
Path to Conversion by Campaign Groups,2026-01-01,2026-03-31,"[[1, SD], [2, SB], [3, DSP NTB], [4, SP], [5, DSP Consideração], [6, DSP Awareness], [7, DSP Conversão]]",7,909,15.135647274728996,0,0.0000,0,0.0,0,0.0000,0,,,,
Path to Conversion by Campaign Groups,2026-01-01,2026-03-31,"[[1, DSP Consideração], [2, DSP Conversão], [3, SD], [4, SB], [5, DSP Awareness], [6, SP]]",7,206,3.948775707634913,0,0.0000,0,0.0,0,0.0000,0,,,,
Path to Conversion by Campaign Groups,2026-01-01,2026-03-31,"[[1, DSP NTB], [2, DSP Awareness], [3, DSP Conversão], [4, SB], [5, SP], [6, SD]]",7,313,2.2776851718862976,0,0.0000,0,0.0,0,0.0000,0,,,,
Path to Conversion by Campaign Groups,2026-01-01,2026-03-31,"[[1, SP], [2, SD], [3, DSP NTB], [4, SB], [5, DSP Conversão], [6, DSP Consideração], [7, DSP Awareness]]",7,510,3.3960557135804796,0,0.0000,0,0.0,0,0.0000,0,,,,
Path to Conversion by Campaign Groups,2026-01-01,2026-03-31,"[[1, DSP Awareness], [2, DSP Conversão], [3, SP], [4, DSP Consideração], [5, SB SOV], [6, DSP NTB], [7, SB], [8, SD]]",7,329,1.5456161211112738,0,0.0000,0,0.0,0,0.0000,0,,,,
Path to Conversion by Campaign Groups,2026-01-01,2026-03-31,"[[1, DSP Awareness], [2, SD], [3, SP], [4, SB], [5, DSP NTB], [6, DSP Conversão], [7, DSP Consideração]]",7,545,5.2600517331306085,0,0.0000,0,0.0,0,0.0000,0,,,,
Path to Conversion by Campaign Groups,2026-01-01,2026-03-31,"[[1, DSP Awareness], [2, DSP Consideração], [3, DSP Conversão], [4, SD], [5, DSP NTB], [6, SP], [7, SB]]",7,665,11.96704566806289,0,0.0000,0,0.0,0,0.0000,0,,,,
Path to Conversion by Campaign Groups,2026-01-01,2026-03-31,"[[1, SD], [2, DSP Consideração], [3, SB SOV], [4, SB], [5, DSP Awareness], [6, DSP Conversão], [7, SP], [8, DSP NTB]]",7,309,1.8149295789256834,0,0.0000,0,0.0,0,0.0000,0,,,,
Path to Conversion by Campaign Groups,2026-01-01,2026-03-31,"[[1, DSP Awareness], [2, SP], [3, DSP Conversão], [4, SD], [5, SB], [6, DSP NTB]]",7,747,5.552901589275494,0,0.0000,0,0.0,0,0.0000,0,,,,
Path to Conversion by Campaign Groups,2026-01-01,2026-03-31,"[[1, SP], [2, SB], [3, DSP NTB], [4, DSP Consideração], [5, DSP Awareness], [6, DSP Conversão], [7, SD]]",7,934,16.14955568858051,0,0.0000,0,0.0,0,0.0000,0,,,,
Path to Conversion by Campaign Groups,2026-01-01,2026-03-31,"[[1, DSP NTB], [2, SB], [3, DSP Awareness], [4, SD], [5, DSP Conversão], [6, SP]]",7,522,10.29739800658176,0,0.0000,0,0.0,0,0.0000,0,,,,
Path to Conversion by Campaign Groups,2026-01-01,2026-03-31,"[[1, SD], [2, DSP Conversão], [3, SP], [4, SB], [5, DSP NTB], [6, SB SOV], [7, DSP Awareness]]",7,466,4.121145655391778,0,0.0000,0,0.0,0,0.0000,0,,,,
Path to Conversion by Campaign Groups,2026-01-01,2026-03-31,"[[1, SP], [2, SB], [3, DSP Consideração], [4, DSP Conversão], [5, SD], [6, DSP Awareness], [7, DSP NTB]]",7,508,3.7259275616109995,0,0.0000,0,0.0,0,0.0000,0,,,,
Path to Conversion by Campaign Groups,2026-01-01,2026-03-31,"[[1, SB SOV], [2, SD], [3, DSP NTB], [4, SP], [5, SB], [6, DSP Conversão], [7, DSP Awareness]]",7,700,12.955473551127762,0,0.0000,0,0.0,0,0.0000,0,,,,
Path to Conversion by Campaign Groups,2026-01-01,2026-03-31,"[[1, SD], [2, SP], [3, DSP Conversão], [4, DSP NTB], [5, DSP Consideração], [6, DSP Awareness], [7, SB]]",7,423,4.734107261137321,0,0.0000,0,0.0,0,0.0000,0,,,,
Path to Conversion by Campaign Groups,2026-01-01,2026-03-31,"[[1, SD], [2, DSP Conversão], [3, SP], [4, DSP Awareness], [5, SB], [6, SB SOV], [7, DSP Consideração], [8, DSP NTB]]",7,1025,10.09673261490154,0,0.0000,0,0.0,0,0.0000,0,,,,
Path to Conversion by Campaign Groups,2026-01-01,2026-03-31,"[[1, DSP Consideração], [2, SB SOV], [3, SP], [4, DSP Awareness], [5, SD], [6, SB], [7, DSP NTB], [8, DSP Conversão]]",7,256,1.2061374180717144,0,0.0000,0,0.0,0,0.0000,0,,,,
Path to Conversion by Campaign Groups,2026-01-01,2026-03-31,"[[1, SP], [2, SB], [3, DSP NTB], [4, SD], [5, DSP Awareness], [6, DSP Consideração], [7, DSP Conversão]]",7,664,2.9691870620534484,0,0.0000,0,0.0,0,0.0000,0,,,,
Path to Conversion by Campaign Groups,2026-01-01,2026-03-31,"[[1, DSP NTB], [2, SP], [3, SB], [4, DSP Conversão], [5, DSP Consideração], [6, DSP Awareness], [7, SD]]",7,366,6.549941292086413,0,0.0000,0,0.0,0,0.0000,0,,,,
Path to Conversion by Campaign Groups,2026-01-01,2026-03-31,"[[1, SB], [2, SB SOV], [3, DSP NTB], [4, DSP Consideração], [5, SD], [6, SP], [7, DSP Awareness], [8, DSP Conversão]]",7,476,1.9942890931234565,0,0.0000,0,0.0,0,0.0000,0,,,,
Path to Conversion by Campaign Groups,2026-01-01,2026-03-31,"[[1, DSP Awareness], [2, SB], [3, DSP Conversão], [4, SP], [5, DSP NTB], [6, DSP Consideração], [7, SD]]",7,969,5.9122730270327795,0,0.0000,0,0.0,0,0.0000,0,,,,
Path to Conversion by Campaign Groups,2026-01-01,2026-03-31,"[[1, DSP NTB], [2, DSP Awareness], [3, SB], [4, SP], [5, DSP Conversão], [6, SB SOV], [7, SD], [8, DSP Consideração]]",7,663,10.529808104953037,0,0.0000,0,0.0,0,0.0000,0,,,,
Path to Conversion by Campaign Groups,2026-01-01,2026-03-31,"[[1, SB], [2, DSP NTB], [3, SD], [4, SP], [5, DSP Consideração], [6, DSP Conversão], [7, DSP Awareness]]",7,691,12.94622298724424,0,0.0000,0,0.0,0,0.0000,0,,,,
Path to Conversion by Campaign Groups,2026-01-01,2026-03-31,"[[1, SB], [2, DSP Awareness], [3, DSP Conversão], [4, SB SOV], [5, SD], [6, DSP NTB], [7, SP], [8, DSP Consideração]]",7,1100,9.1454031800359,0,0.0000,0,0.0,0,0.0000,0,,,,
Path to Conversion by Campaign Groups,2026-01-01,2026-03-31,"[[1, DSP Consideração], [2, DSP Conversão], [3, DSP Awareness], [4, SD], [5, SP], [6, SB], [7, DSP NTB]]",7,872,3.65307455712041,0,0.0000,0,0.0,0,0.0000,0,,,,
Path to Conversion by Campaign Groups,2026-01-01,2026-03-31,"[[1, SD], [2, SB SOV], [3, DSP Awareness], [4, SB], [5, DSP Consideração], [6, SP], [7, DSP Conversão], [8, DSP NTB]]",7,796,10.303426545145102,0,0.0000,0,0.0,0,0.0000,0,,,,
Path to Conversion by Campaign Groups,2026-01-01,2026-03-31,"[[1, SB SOV], [2, SD], [3, SB], [4, DSP NTB], [5, SP], [6, DSP Conversão], [7, DSP Awareness]]",7,873,10.973757641200425,0,0.0000,0,0.0,0,0.0000,0,,,,
Path to Conversion by Campaign Groups,2026-01-01,2026-03-31,"[[1, DSP Consideração], [2, SD], [3, DSP NTB], [4, DSP Conversão], [5, DSP Awareness], [6, SP], [7, SB], [8, SB SOV]]",7,711,3.39093770587845,0,0.0000,0,0.0,0,0.0000,0,,,,
Path to Conversion by Campaign Groups,2026-01-01,2026-03-31,"[[1, DSP Awareness], [2, DSP NTB], [3, SD], [4, SB], [5, DSP Conversão], [6, SP]]",7,488,2.253919533609021,0,0.0000,0,0.0,0,0.0000,0,,,,
Path to Conversion by Campaign Groups,2026-01-01,2026-03-31,"[[1, DSP Conversão], [2, SD], [3, SP], [4, DSP Consideração], [5, SB], [6, DSP Awareness], [7, DSP NTB], [8, SB SOV]]",7,683,11.32151038998827,0,0.0000,0,0.0,0,0.0000,0,,,,
Path to Conversion by Campaign Groups,2026-01-01,2026-03-31,"[[1, SD], [2, SP], [3, SB SOV], [4, DSP NTB], [5, DSP Conversão], [6, SB], [7, DSP Awareness]]",7,839,7.384107178870086,0,0.0000,0,0.0,0,0.0000,0,,,,
Path to Conversion by Campaign Groups,2026-01-01,2026-03-31,"[[1, DSP NTB], [2, DSP Conversão], [3, SB], [4, DSP Consideração], [5, SB SOV], [6, SD], [7, DSP Awareness], [8, SP]]",7,307,5.571056109143851,0,0.0000,0,0.0,0,0.0000,0,,,,
Path to Conversion by Campaign Groups,2026-01-01,2026-03-31,"[[1, DSP NTB], [2, DSP Awareness], [3, SB], [4, SP], [5, SD], [6, SB SOV], [7, DSP Consideração], [8, DSP Conversão]]",7,853,4.896539594544423,0,0.0000,0,0.0,0,0.0000,0,,,,
Path to Conversion by Campaign Groups,2026-01-01,2026-03-31,"[[1, DSP Awareness], [2, SP], [3, SD], [4, DSP Conversão], [5, DSP NTB], [6, SB], [7, DSP Consideração]]",7,521,9.796652840661128,0,0.0000,0,0.0,0,0.0000,0,,,,
Path to Conversion by Campaign Groups,2026-01-01,2026-03-31,"[[1, SD], [2, DSP Consideração], [3, DSP Awareness], [4, DSP Conversão], [5, SP], [6, SB SOV], [7, DSP NTB], [8, SB]]",7,774,9.866994739993148,0,0.0000,0,0.0,0,0.0000,0,,,,
Path to Conversion by Campaign Groups,2026-01-01,2026-03-31,"[[1, DSP NTB], [2, SB SOV], [3, DSP Consideração], [4, DSP Awareness], [5, SB], [6, SP], [7, DSP Conversão]]",7,867,8.165730037449903,0,0.0000,0,0.0,0,0.0000,0,,,,
Path to Conversion by Campaign Groups,2026-01-01,2026-03-31,"[[1, DSP Consideração], [2, SB], [3, SD], [4, DSP NTB], [5, SP], [6, DSP Conversão], [7, DSP Awareness]]",7,900,15.817506927551491,0,0.0000,0,0.0,0,0.0000,0,,,,
Path to Conversion by Campaign Groups,2026-01-01,2026-03-31,"[[1, SP], [2, DSP Awareness], [3, SD], [4, SB], [5, DSP NTB], [6, DSP Conversão], [7, DSP Consideração]]",7,913,4.274865782258358,0,0.0000,0,0.0,0,0.0000,0,,,,
Path to Conversion by Campaign Groups,2026-01-01,2026-03-31,"[[1, SP], [2, DSP NTB], [3, DSP Conversão], [4, SB SOV], [5, SB], [6, DSP Consideração], [7, SD]]",7,697,12.796872982170614,0,0.0000,0,0.0,0,0.0000,0,,,,
Path to Conversion by Campaign Groups,2026-01-01,2026-03-31,"[[1, DSP Consideração], [2, DSP Conversão], [3, SD], [4, DSP NTB], [5, SP], [6, SB], [7, DSP Awareness]]",7,954,8.786803722101093,0,0.0000,0,0.0,0,0.0000,0,,,,
Path to Conversion by Campaign Groups,2026-01-01,2026-03-31,"[[1, SB], [2, DSP NTB], [3, DSP Conversão], [4, DSP Awareness], [5, SD], [6, SP]]",7,285,5.440905697530569,0,0.0000,0,0.0,0,0.0000,0,,,,
Path to Conversion by Campaign Groups,2026-01-01,2026-03-31,"[[1, DSP Conversão], [2, DSP Consideração], [3, DSP NTB], [4, SP], [5, DSP Awareness], [6, SD], [7, SB]]",7,685,6.083765231271425,0,0.0000,0,0.0,0,0.0000,0,,,,
Path to Conversion by Campaign Groups,2026-01-01,2026-03-31,"[[1, DSP Consideração], [2, SP], [3, SD], [4, DSP NTB], [5, DSP Conversão], [6, DSP Awareness]]",7,219,3.193561893064792,0,0.0000,0,0.0,0,0.0000,0,,,,
Path to Conversion by Campaign Groups,2026-01-01,2026-03-31,"[[1, DSP Conversão], [2, SB], [3, DSP NTB], [4, DSP Consideração], [5, SP], [6, SD], [7, DSP Awareness]]",7,939,15.66233451840171,0,0.0000,0,0.0,0,0.0000,0,,,,
Path to Conversion by Campaign Groups,2026-01-01,2026-03-31,"[[1, DSP NTB], [2, DSP Awareness], [3, SD], [4, SP], [5, DSP Conversão], [6, SB SOV], [7, DSP Consideração], [8, SB]]",7,427,5.538597399977567,0,0.0000,0,0.0,0,0.0000,0,,,,
Path to Conversion by Campaign Groups,2026-01-01,2026-03-31,"[[1, SD], [2, SB SOV], [3, DSP Awareness], [4, DSP NTB], [5, DSP Conversão], [6, DSP Consideração], [7, SP], [8, SB]]",7,929,11.554903035991575,0,0.0000,0,0.0,0,0.0000,0,,,,
Path to Conversion by Campaign Groups,2026-01-01,2026-03-31,"[[1, SD], [2, SP], [3, SB], [4, DSP Conversão], [5, DSP NTB], [6, DSP Awareness], [7, DSP Consideração]]",7,532,2.98656015557137,0,0.0000,0,0.0,0,0.0000,0,,,,
Path to Conversion by Campaign Groups,2026-01-01,2026-03-31,"[[1, DSP NTB], [2, SD], [3, SB], [4, DSP Conversão], [5, DSP Consideração], [6, DSP Awareness], [7, SP]]",7,902,6.0076974677058,0,0.0000,0,0.0,0,0.0000,0,,,,
Path to Conversion by Campaign Groups,2026-01-01,2026-03-31,"[[1, DSP NTB], [2, SP], [3, DSP Conversão], [4, DSP Awareness], [5, SB], [6, SD]]",7,363,5.163289434869121,0,0.0000,0,0.0,0,0.0000,0,,,,
Path to Conversion by Campaign Groups,2026-01-01,2026-03-31,"[[1, DSP Consideração], [2, DSP Conversão], [3, DSP Awareness], [4, SP], [5, SB], [6, DSP NTB], [7, SD]]",6,229,1.9049895409111584,0,0.0000,0,0.0,0,0.0000,0,,,,
Path to Conversion by Campaign Groups,2026-01-01,2026-03-31,"[[1, DSP Awareness], [2, DSP Consideração], [3, DSP Conversão], [4, SB], [5, SD], [6, SP], [7, SB SOV]]",6,514,4.332610837784943,0,0.0000,0,0.0,0,0.0000,0,,,,
Path to Conversion by Campaign Groups,2026-01-01,2026-03-31,"[[1, DSP NTB], [2, DSP Awareness], [3, SB SOV], [4, DSP Conversão], [5, DSP Consideração], [6, SB], [7, SP], [8, SD]]",6,222,3.835258486673523,0,0.0000,0,0.0,0,0.0000,0,,,,
Path to Conversion by Campaign Groups,2026-01-01,2026-03-31,"[[1, DSP Consideração], [2, DSP Conversão], [3, SD], [4, SB], [5, DSP NTB], [6, DSP Awareness], [7, SP], [8, SB SOV]]",6,846,12.866199216796282,0,0.0000,0,0.0,0,0.0000,0,,,,
Path to Conversion by Campaign Groups,2026-01-01,2026-03-31,"[[1, DSP NTB], [2, DSP Conversão], [3, SB], [4, SD], [5, SB SOV], [6, DSP Awareness], [7, DSP Consideração], [8, SP]]",6,476,6.515162709962762,0,0.0000,0,0.0,0,0.0000,0,,,,
Path to Conversion by Campaign Groups,2026-01-01,2026-03-31,"[[1, SD], [2, SP], [3, DSP Conversão], [4, SB], [5, DSP Awareness], [6, DSP Consideração], [7, DSP NTB], [8, SB SOV]]",6,261,3.614339110914751,0,0.0000,0,0.0,0,0.0000,0,,,,
Path to Conversion by Campaign Groups,2026-01-01,2026-03-31,"[[1, SP], [2, SB SOV], [3, SD], [4, DSP Awareness], [5, DSP Conversão], [6, SB], [7, DSP NTB]]",6,238,4.339729956087668,0,0.0000,0,0.0,0,0.0000,0,,,,
Path to Conversion by Campaign Groups,2026-01-01,2026-03-31,"[[1, DSP Conversão], [2, DSP NTB], [3, SB], [4, DSP Awareness], [5, SP], [6, SB SOV], [7, DSP Consideração], [8, SD]]",6,428,4.313857308951758,0,0.0000,0,0.0,0,0.0000,0,,,,
Path to Conversion by Campaign Groups,2026-01-01,2026-03-31,"[[1, DSP Consideração], [2, SB], [3, DSP NTB], [4, SB SOV], [5, SP], [6, SD], [7, DSP Conversão], [8, DSP Awareness]]",6,887,10.675658820181855,0,0.0000,0,0.0,0,0.0000,0,,,,
Path to Conversion by Campaign Groups,2026-01-01,2026-03-31,"[[1, SD], [2, DSP Awareness], [3, DSP NTB], [4, DSP Conversão], [5, SB], [6, DSP Consideração], [7, SB SOV], [8, SP]]",6,743,5.202105814457314,0,0.0000,0,0.0,0,0.0000,0,,,,
Path to Conversion by Campaign Groups,2026-01-01,2026-03-31,"[[1, SB], [2, DSP NTB], [3, SB SOV], [4, SD], [5, DSP Awareness], [6, DSP Consideração], [7, SP], [8, DSP Conversão]]",6,718,11.218660796892076,0,0.0000,0,0.0,0,0.0000,0,,,,
Path to Conversion by Campaign Groups,2026-01-01,2026-03-31,"[[1, DSP Conversão], [2, SP], [3, SB SOV], [4, SB], [5, DSP NTB], [6, DSP Consideração], [7, DSP Awareness], [8, SD]]",6,468,1.9151532402130234,0,0.0000,0,0.0,0,0.0000,0,,,,
Path to Conversion by Campaign Groups,2026-01-01,2026-03-31,"[[1, SB SOV], [2, SP], [3, DSP Awareness], [4, SD], [5, DSP NTB], [6, SB], [7, DSP Conversão], [8, DSP Consideração]]",6,446,8.692743530681994,0,0.0000,0,0.0,0,0.0000,0,,,,
Path to Conversion by Campaign Groups,2026-01-01,2026-03-31,"[[1, DSP Conversão], [2, SD], [3, DSP NTB], [4, DSP Consideração], [5, SB SOV], [6, SP], [7, DSP Awareness], [8, SB]]",6,565,3.3988837517709545,0,0.0000,0,0.0,0,0.0000,0,,,,
Path to Conversion by Campaign Groups,2026-01-01,2026-03-31,"[[1, DSP Consideração], [2, SB], [3, SD], [4, SP], [5, DSP NTB], [6, DSP Conversão], [7, DSP Awareness]]",6,680,3.9591103093236724,0,0.0000,0,0.0,0,0.0000,0,,,,
Path to Conversion by Campaign Groups,2026-01-01,2026-03-31,"[[1, DSP Conversão], [2, DSP NTB], [3, SB], [4, DSP Consideração], [5, SD], [6, DSP Awareness], [7, SP]]",6,764,14.777297728352409,0,0.0000,0,0.0,0,0.0000,0,,,,
Path to Conversion by Campaign Groups,2026-01-01,2026-03-31,"[[1, DSP Awareness], [2, DSP NTB], [3, DSP Conversão], [4, SP], [5, SD], [6, SB], [7, SB SOV], [8, DSP Consideração]]",6,943,3.854497374842648,0,0.0000,0,0.0,0,0.0000,0,,,,
Path to Conversion by Campaign Groups,2026-01-01,2026-03-31,"[[1, DSP Conversão], [2, SP], [3, DSP NTB], [4, SB SOV], [5, SD], [6, SB], [7, DSP Awareness]]",6,430,7.958288201879475,0,0.0000,0,0.0,0,0.0000,0,,,,
Path to Conversion by Campaign Groups,2026-01-01,2026-03-31,"[[1, DSP Consideração], [2, DSP NTB], [3, DSP Conversão], [4, SB], [5, DSP Awareness], [6, SB SOV], [7, SD], [8, SP]]",6,276,4.718575697729069,0,0.0000,0,0.0,0,0.0000,0,,,,
Path to Conversion by Campaign Groups,2026-01-01,2026-03-31,"[[1, DSP Awareness], [2, DSP Consideração], [3, SB SOV], [4, SP], [5, SD], [6, DSP Conversão], [7, DSP NTB], [8, SB]]",6,384,7.401136371224746,0,0.0000,0,0.0,0,0.0000,0,,,,
Path to Conversion by Campaign Groups,2026-01-01,2026-03-31,"[[1, DSP Awareness], [2, DSP NTB], [3, DSP Conversão], [4, SB], [5, SB SOV], [6, DSP Consideração], [7, SP], [8, SD]]",6,558,3.6961642964376895,0,0.0000,0,0.0,0,0.0000,0,,,,
Path to Conversion by Campaign Groups,2026-01-01,2026-03-31,"[[1, DSP Conversão], [2, DSP Awareness], [3, SB], [4, DSP NTB], [5, SP], [6, SB SOV], [7, DSP Consideração], [8, SD]]",6,205,3.0769455635925174,0,0.0000,0,0.0,0,0.0000,0,,,,
Path to Conversion by Campaign Groups,2026-01-01,2026-03-31,"[[1, DSP Awareness], [2, SB], [3, SP], [4, SB SOV], [5, DSP NTB], [6, DSP Consideração], [7, DSP Conversão], [8, SD]]",6,718,5.257947083191854,0,0.0000,0,0.0,0,0.0000,0,,,,
